# This file uses centimeters as units for non-parametric coordinates.

mtllib gutlingun2.mtl
g default
v -5.773235 7.886143 -0.437603
v -5.773235 8.166001 -0.788533
v -5.773235 8.570406 -0.983285
v -5.773235 9.019263 -0.983285
v -5.773235 9.423669 -0.788533
v -5.773235 9.703526 -0.437603
v -5.773235 9.803406 -0.000000
v -5.773235 9.703526 0.437603
v -5.773235 9.423669 0.788533
v -5.773235 9.019263 0.983285
v -5.773235 8.570407 0.983285
v -5.773235 8.166001 0.788533
v -5.773235 7.886143 0.437603
v -5.773235 7.786263 0.000000
v -5.511005 7.594695 -0.577956
v -5.511005 7.964312 -1.041442
v -5.511005 8.498424 -1.298657
v -5.511005 9.091245 -1.298657
v -5.511005 9.625357 -1.041442
v -5.511005 9.994974 -0.577957
v -5.511005 10.126889 -0.000000
v -5.511005 9.994974 0.577957
v -5.511005 9.625357 1.041442
v -5.511005 9.091245 1.298657
v -5.511005 8.498425 1.298657
v -5.511005 7.964312 1.041442
v -5.511005 7.594695 0.577957
v -5.511005 7.462780 -0.000000
v -5.773235 8.794835 0.000000
v -3.707260 7.594695 -0.577956
v -3.707260 7.964314 -1.041442
v -3.707260 8.794835 -0.000000
v -3.707260 8.498427 -1.298657
v -3.707260 9.091245 -1.298657
v -3.707260 9.625359 -1.041442
v -3.707260 9.994976 -0.577957
v -3.707260 10.126890 -0.000000
v -3.707260 9.994975 0.577957
v -3.707260 9.625357 1.041442
v -3.707260 9.091245 1.298657
v -3.707260 8.498425 1.298657
v -3.707260 7.964310 1.041442
v -3.707260 7.594693 0.577957
v -3.707260 7.462780 -0.000000
v 0.973606 10.663455 -0.329542
v 0.973606 10.874205 -0.593814
v 0.973606 11.178747 -0.740474
v 0.973606 11.516764 -0.740474
v 0.973606 11.821306 -0.593814
v 0.973606 12.032056 -0.329542
v 0.973606 12.107272 -0.000000
v 0.973606 12.032056 0.329542
v 0.973606 11.821306 0.593814
v 0.973606 11.516764 0.740474
v 0.973606 11.178747 0.740474
v 0.973606 10.874205 0.593814
v 0.973606 10.663455 0.329542
v 0.973606 10.588239 0.000000
v 6.609217 10.663455 -0.329542
v 6.609217 10.874205 -0.593814
v 6.609217 11.178747 -0.740474
v 6.609217 11.516764 -0.740474
v 6.609217 11.821306 -0.593814
v 6.609217 12.032056 -0.329542
v 6.609217 12.107272 -0.000000
v 6.609217 12.032056 0.329542
v 6.609217 11.821306 0.593814
v 6.609217 11.516764 0.740474
v 6.609217 11.178747 0.740474
v 6.609217 10.874205 0.593814
v 6.609217 10.663455 0.329542
v 6.609217 10.588239 0.000000
v 0.973606 11.347756 0.000000
v 6.609217 10.795644 -0.265882
v 6.609217 10.965683 -0.479104
v 6.609217 11.211395 -0.597433
v 6.609217 11.484116 -0.597433
v 6.609217 11.729828 -0.479104
v 6.609217 11.899866 -0.265883
v 6.609217 11.960553 -0.000000
v 6.609217 11.899866 0.265883
v 6.609217 11.729828 0.479104
v 6.609217 11.484116 0.597433
v 6.609217 11.211395 0.597433
v 6.609217 10.965683 0.479104
v 6.609217 10.795644 0.265883
v 6.609217 10.734958 0.000000
v 7.002001 10.795644 -0.265882
v 7.002001 10.965683 -0.479104
v 7.002001 11.211395 -0.597433
v 7.002001 11.484116 -0.597433
v 7.002001 11.729828 -0.479104
v 7.002001 11.899866 -0.265883
v 7.002001 11.960553 -0.000000
v 7.002001 11.899866 0.265883
v 7.002001 11.729828 0.479104
v 7.002001 11.484116 0.597433
v 7.002001 11.211395 0.597433
v 7.002001 10.965683 0.479104
v 7.002001 10.795644 0.265883
v 7.002001 10.734958 0.000000
v 7.002001 10.670578 -0.326111
v 7.002001 10.879134 -0.587632
v 7.002001 11.180507 -0.732765
v 7.002001 11.515005 -0.732766
v 7.002001 11.816376 -0.587632
v 7.002001 12.024932 -0.326111
v 7.002001 12.099366 -0.000000
v 7.002001 12.024932 0.326111
v 7.002001 11.816376 0.587632
v 7.002001 11.515005 0.732766
v 7.002001 11.180507 0.732766
v 7.002001 10.879134 0.587632
v 7.002001 10.670578 0.326111
v 7.002001 10.596145 0.000000
v 8.274994 10.670578 -0.326111
v 8.274994 10.879134 -0.587632
v 8.274994 11.180507 -0.732765
v 8.274994 11.515005 -0.732766
v 8.274994 11.816376 -0.587632
v 8.274994 12.024932 -0.326111
v 8.274994 12.099366 -0.000000
v 8.274994 12.024932 0.326111
v 8.274994 11.816376 0.587632
v 8.274994 11.515005 0.732766
v 8.274994 11.180507 0.732766
v 8.274994 10.879134 0.587632
v 8.274994 10.670578 0.326111
v 8.274994 10.596145 0.000000
v 8.274994 10.986923 -0.173768
v 8.274994 11.098052 -0.313118
v 8.274994 11.258637 -0.390452
v 8.274994 11.436874 -0.390452
v 8.274994 11.597459 -0.313119
v 8.274994 11.708587 -0.173768
v 8.274994 11.748249 -0.000000
v 8.274994 11.708587 0.173768
v 8.274994 11.597459 0.313119
v 8.274994 11.436874 0.390452
v 8.274994 11.258637 0.390452
v 8.274994 11.098052 0.313119
v 8.274994 10.986923 0.173768
v 8.274994 10.947261 0.000000
v 8.791645 10.986923 -0.173768
v 8.791645 11.098052 -0.313118
v 8.791645 11.258637 -0.390452
v 8.791645 11.436874 -0.390452
v 8.791645 11.597459 -0.313119
v 8.791645 11.708587 -0.173768
v 8.791645 11.748249 -0.000000
v 8.791645 11.708587 0.173768
v 8.791645 11.597459 0.313119
v 8.791645 11.436874 0.390452
v 8.791645 11.258637 0.390452
v 8.791645 11.098052 0.313119
v 8.791645 10.986923 0.173768
v 8.791645 10.947261 0.000000
v 8.791645 11.131396 -0.104193
v 8.791645 11.198031 -0.187749
v 8.791645 11.294319 -0.234119
v 8.791645 11.401191 -0.234119
v 8.791645 11.497480 -0.187749
v 8.791645 11.564113 -0.104193
v 8.791645 11.587895 -0.000000
v 8.791645 11.564113 0.104193
v 8.791645 11.497480 0.187749
v 8.791645 11.401191 0.234119
v 8.791645 11.294319 0.234119
v 8.791645 11.198031 0.187749
v 8.791645 11.131396 0.104193
v 8.791645 11.107616 0.000000
v 3.177433 11.131396 -0.104193
v 3.177433 11.198031 -0.187749
v 3.177433 11.347756 0.000000
v 3.177433 11.294319 -0.234119
v 3.177433 11.401191 -0.234119
v 3.177433 11.497480 -0.187749
v 3.177433 11.564113 -0.104193
v 3.177433 11.587895 -0.000000
v 3.177433 11.564113 0.104193
v 3.177433 11.497480 0.187749
v 3.177433 11.401191 0.234119
v 3.177433 11.294319 0.234119
v 3.177433 11.198031 0.187749
v 3.177433 11.131396 0.104193
v 3.177433 11.107616 0.000000
v -6.091896 4.744846 2.398209
v 1.620407 3.845325 2.398209
v -6.091896 6.237431 2.398209
v 1.620421 6.239646 2.398209
v -6.091896 6.237431 -2.515144
v 1.620421 6.226865 -2.515144
v -6.091896 4.744846 -2.515144
v 1.620407 3.845318 -2.515144
v -5.335849 3.845318 2.398209
v -3.679412 6.226865 2.398209
v -3.679412 6.226865 -2.515144
v -5.335849 3.845318 -2.515144
v 0.973355 6.226865 1.697721
v 0.973355 6.226865 -1.850214
v -3.901241 3.845318 2.398209
v -2.244800 6.226865 2.398209
v -3.007606 7.252201 2.341669
v -3.007606 7.252201 -2.458602
v -2.244800 6.226865 -2.515144
v -3.901241 3.845318 -2.515144
v -6.091892 6.237431 1.697721
v -3.513347 6.226865 1.697721
v -4.512287 7.252200 1.697719
v -2.279487 6.226865 1.697721
v -2.935566 7.252201 1.697719
v 0.973355 7.252206 1.697719
v -6.091892 6.223978 -1.850214
v -3.513347 6.226865 -1.850214
v -4.512287 7.252200 -1.850214
v -2.935566 7.252201 -1.850213
v -2.279487 6.226865 -1.850214
v 0.973355 7.252206 -1.850213
v -5.821350 6.475748 1.695133
v -3.652065 6.470159 1.695133
v -3.652065 7.012519 1.695131
v -5.821346 7.018105 1.695131
v -1.412052 6.470159 1.695133
v -1.412059 7.012520 1.695131
v 0.702809 6.470159 1.695133
v 0.702805 7.012523 1.695131
v -5.821350 6.468632 -1.847626
v -3.652065 6.470159 -1.847627
v -5.821346 7.018105 -1.847626
v -3.652065 7.012519 -1.847627
v -1.378727 7.012520 -1.847626
v -1.378711 6.470159 -1.847627
v 0.702809 6.470159 -1.847627
v 0.702805 7.012523 -1.847626
v -4.736698 6.472954 1.695133
v -4.736709 7.015312 1.695131
v -4.736698 6.469396 -1.847627
v -4.736709 7.015312 -1.847626
v -2.532055 6.470159 1.695133
v -2.532055 7.012520 1.695131
v -2.515388 6.470159 -1.847627
v -2.515403 7.012520 -1.847626
v -0.354625 6.470159 1.695133
v -0.354629 7.012521 1.695131
v -0.337955 6.470159 -1.847627
v -0.337955 7.012521 -1.847626
v -5.279026 6.474351 1.695133
v -4.194385 6.469778 -1.847627
v -3.092060 6.470159 1.695133
v -1.947063 7.012520 -1.847626
v -0.883335 7.012521 1.695131
v 0.182425 6.470159 -1.847627
v -4.194385 6.471556 1.695133
v -4.194393 7.013916 1.695131
v -5.279026 7.016708 1.695131
v -5.279026 6.469014 -1.847626
v -5.279026 7.016708 -1.847626
v -4.194393 7.013916 -1.847626
v -1.972053 6.470159 1.695133
v -1.972053 7.012520 1.695131
v -3.092060 7.012519 1.695131
v -1.947059 6.470159 -1.847627
v -3.083728 6.470159 -1.847627
v -3.083728 7.012519 -1.847626
v -0.883335 6.470159 1.695133
v 0.174092 6.470159 1.695133
v 0.174088 7.012522 1.695131
v -0.858333 6.470159 -1.847627
v -0.858348 7.012521 -1.847626
v 0.182425 7.012522 -1.847626
v -4.621177 6.586055 -1.422274
v -4.309921 6.649524 -1.422274
v -4.621181 6.885682 -1.422274
v -4.309921 6.888800 -1.422274
v -0.998867 6.887247 1.269780
v -0.998867 6.649953 1.269780
v -1.296520 6.887249 1.269780
v -1.296520 6.649953 1.269780
v -0.222431 6.649953 -1.422275
v 0.066897 6.649953 -1.422275
v -0.222435 6.887248 -1.422274
v 0.066897 6.887241 -1.422274
v -4.309921 6.587193 1.269780
v -4.309921 6.888800 1.269780
v -4.621181 6.885682 1.269779
v -4.621181 6.648396 1.269780
v -5.394554 6.651515 1.269780
v -5.394554 6.888805 1.269780
v -5.705822 6.885682 1.269780
v -5.705822 6.648390 1.269780
v -5.705822 6.650379 -1.422274
v -5.394554 6.649523 -1.422274
v -5.705822 6.885682 -1.422274
v -5.394554 6.888805 -1.422274
v -2.087581 6.649953 1.269780
v -2.087581 6.887204 1.269780
v -2.416530 6.887204 1.269780
v -2.416530 6.649953 1.269780
v -3.207588 6.649953 1.269780
v -3.207588 6.887248 1.269780
v -3.536533 6.887203 1.269779
v -3.536533 6.649953 1.269780
v -2.399860 6.649953 -1.422275
v -2.062587 6.649953 -1.422275
v -2.399860 6.887204 -1.422274
v -2.062595 6.887204 -1.422274
v -3.536533 6.649953 -1.422275
v -3.199253 6.649953 -1.422275
v -3.536533 6.887203 -1.422274
v -3.199253 6.887248 -1.422274
v 0.058564 6.649953 1.269780
v 0.058564 6.887241 1.269779
v -0.239095 6.887248 1.269780
v -0.239095 6.649953 1.269780
v -1.263195 6.649953 -1.422275
v -0.973861 6.649953 -1.422275
v -1.263195 6.887249 -1.422274
v -0.973873 6.887247 -1.422274
v 7.430573 5.568950 -2.515144
v 7.430573 5.568950 2.398209
v 7.430588 7.354269 -2.515144
v 7.430588 7.354269 2.398209
v 5.855536 5.231301 -2.515144
v 5.855536 5.231306 2.398209
v 5.855544 7.354267 2.398209
v 5.855544 7.354267 -2.515144
v -4.592792 7.252200 2.038913
v -4.307220 7.252200 2.341669
v -4.664222 10.119521 2.065303
v -4.344936 9.986367 2.341669
v -4.588260 7.252200 -2.154438
v -4.304706 7.252200 -2.458602
v -4.344936 9.986367 -2.458602
v -4.664222 10.119521 -2.182235
v 1.271523 7.252206 2.170170
v 1.379757 7.252206 2.065303
v 1.060475 7.252205 2.341669
v 1.060475 10.790965 2.341669
v 1.379752 10.808081 2.065303
v -3.554302 10.531710 2.341669
v -3.665950 10.808076 2.065303
v 1.266747 7.252206 -2.289427
v 1.060475 7.252205 -2.458602
v 1.379757 7.252206 -2.182235
v 1.379752 10.808081 -2.182235
v 1.060475 10.790964 -2.458602
v -3.665950 10.808076 -2.182235
v -3.554302 10.531710 -2.458602
v -1.238140 10.808077 2.065303
v -0.956096 10.531712 2.341669
v -0.956096 10.531712 -2.458602
v -1.238140 10.808077 -2.182235
v -0.708847 12.252852 -2.458602
v -1.030296 12.254962 -2.182235
v -0.671611 12.529217 -2.182235
v -0.671619 12.529217 2.065303
v -1.028072 12.270463 2.080922
v -0.708858 12.252852 2.341669
v 0.831265 12.529219 2.080922
v 0.850462 12.252852 2.341669
v 1.169676 12.270465 2.080922
v 0.813227 12.529219 -2.182235
v 1.169676 12.270465 -2.197855
v 0.850462 12.252852 -2.458602
v -6.091892 7.093442 1.697719
v -5.956630 7.140444 1.696425
v -5.941135 7.261751 1.697719
v -6.091892 7.132265 1.697719
v -6.091892 7.132265 -1.850213
v -5.941135 7.261751 -1.850213
v -5.956630 7.140444 -1.848919
v -6.091892 7.093442 -1.850213
v 7.305657 7.808163 0.145935
v 7.305657 7.945563 0.568811
v 7.249062 7.439337 0.936605
v 7.249062 7.182434 0.145936
v 7.249062 8.561065 1.751587
v 7.249062 9.392424 1.751588
v 2.798718 9.392424 1.751588
v 2.798718 8.561065 1.751587
v 7.249062 10.771055 0.145936
v 7.249062 10.771056 -0.145935
v 2.798718 10.771056 -0.145935
v 2.798718 10.771055 0.145936
v 7.305657 8.117120 0.804939
v 7.249062 7.610894 1.172734
v 7.305657 9.836369 -0.804939
v 7.305657 9.476649 -1.066291
v 7.249062 9.670010 -1.661394
v 7.249062 10.342594 -1.172733
v 7.249062 10.514151 0.936605
v 2.798718 10.514151 0.936605
v 7.249062 9.670010 1.661394
v 2.798718 9.670010 1.661394
v 7.249062 10.342593 1.172734
v 2.798718 10.342593 1.172734
v 7.305657 8.476840 1.066291
v 7.249062 8.283479 1.661394
v 7.305657 10.007926 -0.568811
v 7.249062 10.514152 -0.936605
v 7.305657 10.145327 -0.145935
v 7.305657 8.754426 1.156484
v 7.305657 9.199064 1.156484
v 7.305657 10.145327 0.145936
v 7.305657 7.945563 -0.568811
v 7.305657 8.117120 -0.804940
v 13.735457 8.117120 -0.804940
v 13.735457 7.945563 -0.568811
v 7.305657 8.476840 -1.066291
v 13.735457 8.476840 -1.066291
v 7.305657 8.754426 -1.156484
v 13.735457 8.754426 -1.156484
v 7.305657 7.808163 -0.145935
v 13.735457 7.808163 -0.145935
v 7.305657 10.007926 0.568811
v 7.305657 9.476649 1.066291
v 7.305657 9.836369 0.804940
v 13.735457 7.808163 0.145935
v 7.305657 9.199064 -1.156484
v 13.735457 9.199064 -1.156484
v 13.735457 9.476649 -1.066291
v 13.735457 7.945563 0.568811
v 13.735457 8.117120 0.804939
v 13.735457 9.836369 -0.804939
v 13.735457 8.476840 1.066291
v 13.735457 10.007926 -0.568811
v 14.856060 7.132160 -0.145935
v 14.856060 7.398665 -0.966155
v 21.440586 7.132160 -0.145935
v 13.735457 10.145327 -0.145935
v 13.735457 8.754426 1.156484
v 13.735457 9.199064 1.156484
v 13.735457 10.145327 0.145936
v 14.856060 7.398665 0.966155
v 14.856060 7.132160 0.145936
v 21.440586 7.398668 0.966155
v 13.735457 10.007926 0.568811
v 13.735457 9.476649 1.066291
v 13.735457 9.836369 0.804940
v 14.105881 7.672762 -0.767012
v 14.105881 7.844320 -1.003140
v 14.856060 7.570222 -1.202284
v 14.105881 8.372639 -1.386986
v 14.856060 8.267943 -1.709207
v 13.735457 8.297352 -0.673994
v 13.735457 8.125794 -0.437865
v 13.735457 8.545683 -0.854416
v 21.440586 7.398666 -0.966155
v 14.105881 8.650225 -1.477180
v 14.856060 8.545529 -1.799401
v 14.089566 8.125794 -0.437865
v 14.089566 8.297352 -0.673994
v 13.735457 8.823269 -0.944609
v 14.089566 8.545682 -0.854416
v 13.735457 8.030941 -0.145936
v 14.105881 7.470963 -0.145935
v 14.089566 8.823268 -0.944609
v 14.089566 8.030941 -0.145936
v 13.735457 8.030941 0.145935
v 13.735457 9.130221 -0.944609
v 14.105881 7.470963 0.145936
v 14.105881 9.303264 -1.477180
v 14.856060 9.407960 -1.799401
v 21.440586 7.132161 0.145936
v 14.089566 8.030941 0.145935
v 14.089566 9.130221 -0.944609
v 13.735457 9.407807 -0.854416
v 13.735457 8.125794 0.437865
v 14.089566 9.407807 -0.854416
v 14.089566 8.125794 0.437865
v 14.105881 9.580849 -1.386986
v 14.105881 7.672763 0.767012
v 15.539582 9.407959 -1.799401
v 15.539582 8.545529 -1.799401
v 14.856060 9.685545 -1.709207
v 13.735457 8.297352 0.673994
v 13.735457 9.656137 -0.673994
v 14.856060 10.821328 0.145936
v 14.856060 10.554823 0.966155
v 21.440586 10.821328 0.145936
v 14.089566 8.297352 0.673994
v 14.089566 9.656137 -0.673994
v 14.105881 7.844320 1.003140
v 14.105881 10.109169 -1.003140
v 13.735457 8.545683 0.854416
v 13.735457 9.827694 -0.437865
v 14.856060 7.570223 1.202284
v 14.856060 10.383266 -1.202284
v 14.089566 8.545683 0.854416
v 14.089566 9.827694 -0.437865
v 22.368554 7.837059 -1.008416
v 22.368554 8.369866 -1.395523
v 22.368554 8.461113 -0.709707
v 14.105881 8.372639 1.386986
v 14.105881 10.280726 -0.767011
v 13.735457 9.922548 -0.145935
v 13.735457 8.823269 0.944609
v 22.368554 7.461987 -0.145935
v 22.368554 7.665502 -0.772288
v 22.368554 8.142434 -0.271084
v 14.089566 9.922548 -0.145935
v 14.089566 8.823269 0.944609
v 22.368554 8.647452 -1.485716
v 22.368554 9.306034 -1.485716
v 22.368554 8.976744 -0.877249
v 15.539582 9.492375 -0.709706
v 15.005719 9.492375 -0.709706
v 15.005719 8.976744 -0.877249
v 15.539582 8.976744 -0.877249
v 13.735457 9.130221 0.944609
v 13.735457 9.922548 0.145936
v 14.856060 8.267943 1.709207
v 14.856060 10.554824 -0.966155
v 14.089566 9.130221 0.944609
v 14.089566 9.922548 0.145936
v 14.105881 10.482526 -0.145935
v 14.105881 8.650226 1.477180
v 22.368554 7.665504 0.772287
v 22.368554 7.461988 0.145935
v 22.368554 8.142434 0.271084
v 21.440586 10.554820 0.966156
v 13.735457 9.827694 0.437865
v 13.735457 9.407807 0.854416
v 14.089566 9.827694 0.437865
v 14.089566 9.407807 0.854416
v 22.368554 9.583619 -1.395523
v 22.368554 10.116429 -1.008416
v 22.368554 9.492375 -0.709706
v 13.735457 9.656137 0.673994
v 14.089566 9.656137 0.673994
v 14.105881 9.303264 1.477180
v 14.105881 10.482526 0.145936
v 22.368554 8.369867 1.395523
v 22.368554 7.837061 1.008416
v 22.368554 8.461113 0.709707
v 14.856060 10.821328 -0.145935
v 14.856060 8.545530 1.799400
v 21.440586 7.570223 -1.202284
v 14.105881 10.280726 0.767012
v 21.440586 8.267944 -1.709207
v 14.105881 9.580849 1.386986
v 14.105881 10.109168 1.003140
v 22.368554 10.287986 -0.772287
v 22.368554 10.491501 -0.145935
v 22.368554 9.811054 -0.271084
v 22.368554 9.306035 1.485716
v 22.368554 8.647454 1.485716
v 22.368554 8.976745 0.877249
v 14.856060 9.407960 1.799400
v 22.368554 10.491501 0.145936
v 22.368554 10.287984 0.772288
v 22.368554 9.811054 0.271084
v 15.539582 8.976745 0.877249
v 15.005719 8.976745 0.877249
v 15.005719 9.492376 0.709708
v 15.539582 9.492376 0.709708
v 22.368554 10.116427 1.008416
v 22.368554 9.583621 1.395523
v 22.368554 9.492376 0.709708
v 20.774395 8.523811 -1.792343
v 15.539582 8.523811 -1.792344
v 15.539582 8.523811 -0.730079
v 20.774395 8.523811 -0.730079
v 14.856060 9.685546 1.709207
v 14.856060 10.383265 1.202284
v 15.539582 8.545530 1.799400
v 15.539582 9.407959 1.799400
v 20.774395 9.523811 -0.666438
v 15.539582 9.523811 -0.666438
v 15.539582 9.523811 -1.761758
v 20.774395 9.523811 -1.761757
v 15.005719 8.461113 -0.709707
v 15.005719 8.142434 -0.271084
v 21.440586 7.570226 1.202284
v 21.440586 10.383265 -1.202283
v 21.440586 9.685542 -1.709208
v 15.005719 8.142434 0.271084
v 15.005719 8.461113 0.709707
v 21.440586 8.267946 1.709207
v 21.440586 10.554823 -0.966155
v 20.774395 8.523811 0.730079
v 15.539582 8.523811 0.730079
v 15.539582 8.523811 1.792343
v 20.774395 8.523811 1.792343
v 21.440586 10.821328 -0.145935
v 20.774395 9.407957 -1.799401
v 21.440586 9.407956 -1.799401
v 21.440586 8.545530 -1.799401
v 20.774395 8.545530 -1.799401
v 15.005719 9.811054 0.271084
v 15.005719 9.811054 -0.271084
v 20.774395 9.523811 1.761757
v 15.539582 9.523811 1.761758
v 15.539582 9.523811 0.666441
v 20.774395 9.523811 0.666441
v 21.440586 9.685543 1.709207
v 21.440586 10.383263 1.202284
v 20.774395 9.492375 -0.709706
v 20.774395 8.976744 -0.877249
v 20.774395 8.976745 0.877249
v 20.774395 9.492376 0.709708
v 20.774395 8.545532 1.799400
v 21.440586 8.545532 1.799400
v 21.440586 9.407957 1.799400
v 20.774395 9.407958 1.799400
v 7.249062 9.392424 -1.751588
v 2.798718 8.283479 1.661394
v 2.798718 10.514151 -0.936605
v 7.249062 8.561065 -1.751588
v 7.249062 7.182434 -0.145935
v 2.798718 9.826682 2.036855
v 2.798718 10.651263 1.437762
v 1.169735 9.826679 2.036855
v 2.798718 10.861591 1.148270
v 7.249062 7.439337 -0.936605
v 1.169735 10.651263 1.437761
v 2.798718 10.342594 -1.172733
v 2.798718 7.610895 1.172734
v 7.249062 8.283479 -1.661395
v 2.798718 9.486364 2.147431
v 2.798718 11.176554 0.178916
v 2.798718 11.176555 -0.178915
v 1.169735 11.176555 0.178915
v 7.249062 7.610894 -1.172734
v 1.169735 10.861592 1.148269
v 1.169735 11.176554 -0.178915
v 2.798718 10.861591 -1.148270
v 1.169735 9.486363 2.147431
v 2.798718 8.467125 2.147431
v 2.798718 9.670010 -1.661394
v 2.798718 7.439338 0.936605
v 1.169735 9.670008 1.661394
v 1.169735 10.342593 1.172734
v 1.169735 9.254329 0.382064
v 1.169735 10.861592 -1.148270
v 1.169735 10.514152 0.936605
v 1.169735 10.771056 0.145935
v 1.169735 9.425888 0.145935
v 1.169735 8.561067 1.751587
v 1.169735 9.392423 1.751587
v 1.169735 8.976745 0.472257
v 2.798718 7.302224 1.437761
v 2.798718 8.126807 2.036855
v 1.169735 7.302223 1.437761
v 1.169735 8.126808 2.036855
v 1.169735 8.467127 2.147430
v 1.169735 10.771055 -0.145935
v 1.169735 10.514152 -0.936605
v 1.169735 9.425888 -0.145935
v 2.798718 10.651263 -1.437761
v 2.798718 9.826682 -2.036855
v 1.169735 10.651263 -1.437761
v 2.798718 7.182434 0.145936
v 2.798718 9.392424 -1.751588
v 1.169735 7.610894 1.172733
v 1.169735 8.283480 1.661394
v 1.169735 8.699159 0.382064
v 1.169735 9.826679 -2.036855
v 2.798718 8.561065 -1.751588
v 1.169735 10.342594 -1.172733
v 1.169735 9.670008 -1.661394
v 1.169735 9.254330 -0.382064
v 2.798718 7.182434 -0.145935
v 2.798718 6.776935 0.178916
v 2.798718 7.091896 1.148270
v 1.169735 6.776935 0.178916
v 1.169735 7.091895 1.148270
v 1.169735 7.182434 0.145936
v 1.169735 7.439336 0.936605
v 1.169735 8.527601 0.145936
v 2.798718 7.439337 -0.936605
v 2.798718 8.283479 -1.661395
v 1.169735 9.392423 -1.751588
v 1.169735 8.561067 -1.751588
v 1.169735 8.976745 -0.472257
v 2.798718 7.610894 -1.172734
v 1.169735 7.439337 -0.936604
v 1.169735 7.182434 -0.145935
v 1.169735 8.527602 -0.145935
v 1.169735 8.283481 -1.661395
v 1.169735 7.610894 -1.172734
v 1.169735 8.699160 -0.382064
v 2.798718 8.126807 -2.036855
v 2.798718 7.302223 -1.437762
v 1.169735 8.126809 -2.036856
v 1.169735 7.302223 -1.437762
v 2.798718 9.486364 -2.147431
v 2.798718 8.467125 -2.147432
v 2.798718 6.776935 -0.178916
v 1.169735 9.486363 -2.147431
v 2.798718 7.091896 -1.148270
v 1.169735 8.467127 -2.147432
v 1.169735 6.776935 -0.178915
v 1.169735 7.091896 -1.148269
v 5.428627 6.256273 0.364044
v 5.428627 6.401649 0.181747
v 5.428627 6.611725 0.080580
v 5.428627 6.844891 0.080580
v 5.428627 7.054967 0.181747
v 5.428627 7.200343 0.364044
v 5.428627 7.252228 0.591364
v 5.428627 7.200343 0.818684
v 5.428627 7.054967 1.000981
v 5.428627 6.844891 1.102148
v 5.428627 6.611725 1.102148
v 5.428627 6.401649 1.000981
v 5.428627 6.256273 0.818684
v 5.428627 6.204388 0.591364
v 9.316113 6.256273 0.364044
v 9.316113 6.401649 0.181747
v 9.316113 6.611725 0.080580
v 9.316113 6.844891 0.080580
v 9.316113 7.054967 0.181747
v 9.316113 7.200343 0.364044
v 9.316113 7.252228 0.591364
v 9.316113 7.200343 0.818684
v 9.316113 7.054967 1.000981
v 9.316113 6.844891 1.102148
v 9.316113 6.611725 1.102148
v 9.316113 6.401649 1.000981
v 9.316113 6.256273 0.818684
v 9.316113 6.204388 0.591364
v 5.428627 6.728308 0.591364
v 9.316113 6.347458 0.407957
v 9.316113 6.464752 0.260875
v 9.316113 6.634246 0.179251
v 9.316113 6.822370 0.179251
v 9.316113 6.991864 0.260875
v 9.316113 7.109158 0.407956
v 9.316113 7.151020 0.591364
v 9.316113 7.109158 0.774772
v 9.316113 6.991864 0.921853
v 9.316113 6.822370 1.003478
v 9.316113 6.634246 1.003478
v 9.316113 6.464752 0.921853
v 9.316113 6.347458 0.774772
v 9.316113 6.305596 0.591364
v 9.587057 6.347458 0.407957
v 9.587057 6.464752 0.260875
v 9.587057 6.634246 0.179251
v 9.587057 6.822370 0.179251
v 9.587057 6.991864 0.260875
v 9.587057 7.109158 0.407956
v 9.587057 7.151020 0.591364
v 9.587057 7.109158 0.774772
v 9.587057 6.991864 0.921853
v 9.587057 6.822370 1.003478
v 9.587057 6.634246 1.003478
v 9.587057 6.464752 0.921853
v 9.587057 6.347458 0.774772
v 9.587057 6.305596 0.591364
v 9.587057 6.261186 0.366410
v 9.587057 6.405050 0.186011
v 9.587057 6.612939 0.085897
v 9.587057 6.843678 0.085897
v 9.587057 7.051566 0.186011
v 9.587057 7.195429 0.366410
v 9.587057 7.246774 0.591364
v 9.587057 7.195429 0.816318
v 9.587057 7.051566 0.996717
v 9.587057 6.843678 1.096831
v 9.587057 6.612939 1.096831
v 9.587057 6.405050 0.996717
v 9.587057 6.261186 0.816318
v 9.587057 6.209842 0.591364
v 10.465178 6.261186 0.366410
v 10.465178 6.405050 0.186011
v 10.465178 6.612939 0.085897
v 10.465178 6.843678 0.085897
v 10.465178 7.051566 0.186011
v 10.465178 7.195429 0.366410
v 10.465178 7.246774 0.591364
v 10.465178 7.195429 0.816318
v 10.465178 7.051566 0.996717
v 10.465178 6.843678 1.096831
v 10.465178 6.612939 1.096831
v 10.465178 6.405050 0.996717
v 10.465178 6.261186 0.816318
v 10.465178 6.209842 0.591364
v 10.465178 6.479403 0.471498
v 10.465178 6.556061 0.375373
v 10.465178 6.666834 0.322027
v 10.465178 6.789782 0.322027
v 10.465178 6.900555 0.375373
v 10.465178 6.977212 0.471498
v 10.465178 7.004571 0.591364
v 10.465178 6.977212 0.711230
v 10.465178 6.900555 0.807355
v 10.465178 6.789782 0.860701
v 10.465178 6.666834 0.860701
v 10.465178 6.556061 0.807356
v 10.465178 6.479403 0.711230
v 10.465178 6.452045 0.591364
v 10.821566 6.479403 0.471498
v 10.821566 6.556061 0.375373
v 10.821566 6.666834 0.322027
v 10.821566 6.789782 0.322027
v 10.821566 6.900555 0.375373
v 10.821566 6.977212 0.471498
v 10.821566 7.004571 0.591364
v 10.821566 6.977212 0.711230
v 10.821566 6.900555 0.807355
v 10.821566 6.789782 0.860701
v 10.821566 6.666834 0.860701
v 10.821566 6.556061 0.807356
v 10.821566 6.479403 0.711230
v 10.821566 6.452045 0.591364
v 10.821566 6.579062 0.519491
v 10.821566 6.625027 0.461854
v 10.821566 6.691447 0.429867
v 10.821566 6.765169 0.429867
v 10.821566 6.831589 0.461854
v 10.821566 6.877553 0.519491
v 10.821566 6.893958 0.591364
v 10.821566 6.877553 0.663237
v 10.821566 6.831589 0.720874
v 10.821566 6.765169 0.752861
v 10.821566 6.691447 0.752861
v 10.821566 6.625027 0.720875
v 10.821566 6.579062 0.663237
v 10.821566 6.562658 0.591364
v 6.948843 6.579062 0.519491
v 6.948843 6.625027 0.461854
v 6.948843 6.728308 0.591364
v 6.948843 6.691447 0.429867
v 6.948843 6.765169 0.429867
v 6.948843 6.831589 0.461854
v 6.948843 6.877553 0.519491
v 6.948843 6.893958 0.591364
v 6.948843 6.877553 0.663237
v 6.948843 6.831589 0.720874
v 6.948843 6.765169 0.752861
v 6.948843 6.691447 0.752861
v 6.948843 6.625027 0.720875
v 6.948843 6.579062 0.663237
v 6.948843 6.562658 0.591364
v 5.428627 6.256273 -0.793310
v 5.428627 6.401649 -0.975607
v 5.428627 6.611725 -1.076774
v 5.428627 6.844891 -1.076774
v 5.428627 7.054967 -0.975607
v 5.428627 7.200343 -0.793310
v 5.428627 7.252228 -0.565990
v 5.428627 7.200343 -0.338669
v 5.428627 7.054967 -0.156373
v 5.428627 6.844891 -0.055206
v 5.428627 6.611725 -0.055206
v 5.428627 6.401649 -0.156373
v 5.428627 6.256273 -0.338669
v 5.428627 6.204388 -0.565990
v 9.316113 6.256273 -0.793310
v 9.316113 6.401649 -0.975607
v 9.316113 6.611725 -1.076774
v 9.316113 6.844891 -1.076774
v 9.316113 7.054967 -0.975607
v 9.316113 7.200343 -0.793310
v 9.316113 7.252228 -0.565990
v 9.316113 7.200343 -0.338669
v 9.316113 7.054967 -0.156373
v 9.316113 6.844891 -0.055206
v 9.316113 6.611725 -0.055206
v 9.316113 6.401649 -0.156373
v 9.316113 6.256273 -0.338669
v 9.316113 6.204388 -0.565990
v 5.428627 6.728308 -0.565990
v 9.316113 6.347458 -0.749397
v 9.316113 6.464752 -0.896479
v 9.316113 6.634246 -0.978103
v 9.316113 6.822370 -0.978103
v 9.316113 6.991864 -0.896479
v 9.316113 7.109158 -0.749397
v 9.316113 7.151020 -0.565990
v 9.316113 7.109158 -0.382582
v 9.316113 6.991864 -0.235500
v 9.316113 6.822370 -0.153876
v 9.316113 6.634246 -0.153876
v 9.316113 6.464752 -0.235500
v 9.316113 6.347458 -0.382582
v 9.316113 6.305596 -0.565990
v 9.587057 6.347458 -0.749397
v 9.587057 6.464752 -0.896479
v 9.587057 6.634246 -0.978103
v 9.587057 6.822370 -0.978103
v 9.587057 6.991864 -0.896479
v 9.587057 7.109158 -0.749397
v 9.587057 7.151020 -0.565990
v 9.587057 7.109158 -0.382582
v 9.587057 6.991864 -0.235500
v 9.587057 6.822370 -0.153876
v 9.587057 6.634246 -0.153876
v 9.587057 6.464752 -0.235500
v 9.587057 6.347458 -0.382582
v 9.587057 6.305596 -0.565990
v 9.587057 6.261186 -0.790943
v 9.587057 6.405050 -0.971342
v 9.587057 6.612939 -1.071456
v 9.587057 6.843678 -1.071456
v 9.587057 7.051566 -0.971343
v 9.587057 7.195429 -0.790944
v 9.587057 7.246774 -0.565990
v 9.587057 7.195429 -0.341036
v 9.587057 7.051566 -0.160637
v 9.587057 6.843678 -0.060523
v 9.587057 6.612939 -0.060523
v 9.587057 6.405050 -0.160637
v 9.587057 6.261186 -0.341036
v 9.587057 6.209842 -0.565990
v 10.465178 6.261186 -0.790943
v 10.465178 6.405050 -0.971342
v 10.465178 6.612939 -1.071456
v 10.465178 6.843678 -1.071456
v 10.465178 7.051566 -0.971343
v 10.465178 7.195429 -0.790944
v 10.465178 7.246774 -0.565990
v 10.465178 7.195429 -0.341036
v 10.465178 7.051566 -0.160637
v 10.465178 6.843678 -0.060523
v 10.465178 6.612939 -0.060523
v 10.465178 6.405050 -0.160637
v 10.465178 6.261186 -0.341036
v 10.465178 6.209842 -0.565990
v 10.465178 6.479403 -0.685856
v 10.465178 6.556061 -0.781981
v 10.465178 6.666834 -0.835326
v 10.465178 6.789782 -0.835326
v 10.465178 6.900555 -0.781981
v 10.465178 6.977212 -0.685856
v 10.465178 7.004571 -0.565990
v 10.465178 6.977212 -0.446123
v 10.465178 6.900555 -0.349998
v 10.465178 6.789782 -0.296653
v 10.465178 6.666834 -0.296653
v 10.465178 6.556061 -0.349998
v 10.465178 6.479403 -0.446123
v 10.465178 6.452045 -0.565990
v 10.821566 6.479403 -0.685856
v 10.821566 6.556061 -0.781981
v 10.821566 6.666834 -0.835326
v 10.821566 6.789782 -0.835326
v 10.821566 6.900555 -0.781981
v 10.821566 6.977212 -0.685856
v 10.821566 7.004571 -0.565990
v 10.821566 6.977212 -0.446123
v 10.821566 6.900555 -0.349998
v 10.821566 6.789782 -0.296653
v 10.821566 6.666834 -0.296653
v 10.821566 6.556061 -0.349998
v 10.821566 6.479403 -0.446123
v 10.821566 6.452045 -0.565990
v 10.821566 6.579062 -0.637862
v 10.821566 6.625027 -0.695500
v 10.821566 6.691447 -0.727486
v 10.821566 6.765169 -0.727486
v 10.821566 6.831589 -0.695500
v 10.821566 6.877553 -0.637862
v 10.821566 6.893958 -0.565990
v 10.821566 6.877553 -0.494117
v 10.821566 6.831589 -0.436479
v 10.821566 6.765169 -0.404493
v 10.821566 6.691447 -0.404493
v 10.821566 6.625027 -0.436479
v 10.821566 6.579062 -0.494117
v 10.821566 6.562658 -0.565990
v 6.948843 6.579062 -0.637862
v 6.948843 6.625027 -0.695500
v 6.948843 6.728308 -0.565990
v 6.948843 6.691447 -0.727486
v 6.948843 6.765169 -0.727486
v 6.948843 6.831589 -0.695500
v 6.948843 6.877553 -0.637862
v 6.948843 6.893958 -0.565990
v 6.948843 6.877553 -0.494117
v 6.948843 6.831589 -0.436479
v 6.948843 6.765169 -0.404493
v 6.948843 6.691447 -0.404493
v 6.948843 6.625027 -0.436479
v 6.948843 6.579062 -0.494117
v 6.948843 6.562658 -0.565990
vt 0.640776 0.088456
vt 0.597420 0.034089
vt 0.534769 0.003918
vt 0.465231 0.003918
vt 0.402580 0.034089
vt 0.359224 0.088456
vt 0.343750 0.156250
vt 0.359224 0.224044
vt 0.402580 0.278411
vt 0.465231 0.308582
vt 0.534769 0.308582
vt 0.597420 0.278411
vt 0.640776 0.224044
vt 0.656250 0.156250
vt 0.375000 0.312500
vt 0.392857 0.312500
vt 0.410714 0.312500
vt 0.428571 0.312500
vt 0.446429 0.312500
vt 0.464286 0.312500
vt 0.482143 0.312500
vt 0.500000 0.312500
vt 0.517857 0.312500
vt 0.535714 0.312500
vt 0.553571 0.312500
vt 0.571428 0.312500
vt 0.589286 0.312500
vt 0.607143 0.312500
vt 0.625000 0.312500
vt 0.375000 0.687500
vt 0.392857 0.687500
vt 0.410714 0.687500
vt 0.428571 0.687500
vt 0.446429 0.687500
vt 0.464286 0.687500
vt 0.482143 0.687500
vt 0.500000 0.687500
vt 0.517857 0.687500
vt 0.535714 0.687500
vt 0.553571 0.687500
vt 0.571428 0.687500
vt 0.589286 0.687500
vt 0.607143 0.687500
vt 0.625000 0.687500
vt 0.640776 0.775956
vt 0.597420 0.721589
vt 0.534769 0.691418
vt 0.465231 0.691418
vt 0.402580 0.721589
vt 0.359224 0.775956
vt 0.343750 0.843750
vt 0.359224 0.911544
vt 0.402580 0.965911
vt 0.465231 0.996082
vt 0.534769 0.996082
vt 0.597420 0.965911
vt 0.640776 0.911544
vt 0.656250 0.843750
vt 0.500000 0.156250
vt 0.500000 0.843750
vt 0.640776 0.911544
vt 0.597420 0.965911
vt 0.534769 0.996082
vt 0.465231 0.996082
vt 0.402580 0.965911
vt 0.359224 0.911544
vt 0.343750 0.843750
vt 0.359224 0.775956
vt 0.402580 0.721589
vt 0.465231 0.691418
vt 0.534769 0.691418
vt 0.597420 0.721589
vt 0.640776 0.775956
vt 0.656250 0.843750
vt 0.375000 0.312500
vt 0.392857 0.312500
vt 0.392857 0.687500
vt 0.375000 0.687500
vt 0.410714 0.312500
vt 0.410714 0.687500
vt 0.428571 0.312500
vt 0.428571 0.687500
vt 0.446429 0.312500
vt 0.446429 0.687500
vt 0.464286 0.312500
vt 0.464286 0.687500
vt 0.482143 0.312500
vt 0.482143 0.687500
vt 0.500000 0.312500
vt 0.500000 0.687500
vt 0.517857 0.312500
vt 0.517857 0.687500
vt 0.535714 0.312500
vt 0.535714 0.687500
vt 0.553571 0.312500
vt 0.553571 0.687500
vt 0.571428 0.312500
vt 0.571428 0.687500
vt 0.589286 0.312500
vt 0.589286 0.687500
vt 0.607143 0.312500
vt 0.607143 0.687500
vt 0.625000 0.312500
vt 0.625000 0.687500
vt 0.597420 0.034089
vt 0.640776 0.088456
vt 0.500000 0.156250
vt 0.534769 0.003918
vt 0.465231 0.003918
vt 0.402580 0.034089
vt 0.359224 0.088456
vt 0.343750 0.156250
vt 0.359224 0.224044
vt 0.402580 0.278411
vt 0.465231 0.308582
vt 0.534769 0.308582
vt 0.597420 0.278411
vt 0.640776 0.224044
vt 0.656250 0.156250
vt 0.640776 0.911544
vt 0.597420 0.965911
vt 0.500000 0.843750
vt 0.534769 0.996082
vt 0.465231 0.996082
vt 0.402580 0.965911
vt 0.359224 0.911544
vt 0.343750 0.843750
vt 0.359224 0.775956
vt 0.402580 0.721589
vt 0.465231 0.691418
vt 0.534769 0.691418
vt 0.597420 0.721589
vt 0.640776 0.775956
vt 0.656250 0.843750
vt 0.640776 0.911544
vt 0.597420 0.965911
vt 0.597420 0.965911
vt 0.640776 0.911544
vt 0.534769 0.996082
vt 0.534769 0.996082
vt 0.465231 0.996082
vt 0.465231 0.996082
vt 0.402580 0.965911
vt 0.402580 0.965911
vt 0.359224 0.911544
vt 0.359224 0.911544
vt 0.343750 0.843750
vt 0.343750 0.843750
vt 0.359224 0.775956
vt 0.359224 0.775956
vt 0.402580 0.721589
vt 0.402580 0.721589
vt 0.465231 0.691418
vt 0.465231 0.691418
vt 0.534769 0.691418
vt 0.534769 0.691418
vt 0.597420 0.721589
vt 0.597420 0.721589
vt 0.640776 0.775956
vt 0.640776 0.775956
vt 0.656250 0.843750
vt 0.656250 0.843750
vt 0.597420 0.965911
vt 0.640776 0.911544
vt 0.534769 0.996082
vt 0.465231 0.996082
vt 0.402580 0.965911
vt 0.359224 0.911544
vt 0.343750 0.843750
vt 0.359224 0.775956
vt 0.402580 0.721589
vt 0.465231 0.691418
vt 0.534769 0.691418
vt 0.597420 0.721589
vt 0.640776 0.775956
vt 0.656250 0.843750
vt 0.597420 0.965911
vt 0.640776 0.911544
vt 0.534769 0.996082
vt 0.465231 0.996082
vt 0.402580 0.965911
vt 0.359224 0.911544
vt 0.343750 0.843750
vt 0.359224 0.775956
vt 0.402580 0.721589
vt 0.465231 0.691418
vt 0.534769 0.691418
vt 0.597420 0.721589
vt 0.640776 0.775956
vt 0.656250 0.843750
vt 0.597420 0.965911
vt 0.640776 0.911544
vt 0.534769 0.996082
vt 0.465231 0.996082
vt 0.402580 0.965911
vt 0.359224 0.911544
vt 0.343750 0.843750
vt 0.359224 0.775956
vt 0.402580 0.721589
vt 0.465231 0.691418
vt 0.534769 0.691418
vt 0.597420 0.721589
vt 0.640776 0.775956
vt 0.656250 0.843750
vt 0.597420 0.965911
vt 0.640776 0.911544
vt 0.534769 0.996082
vt 0.465231 0.996082
vt 0.402580 0.965911
vt 0.359224 0.911544
vt 0.343750 0.843750
vt 0.359224 0.775956
vt 0.402580 0.721589
vt 0.465231 0.691418
vt 0.534769 0.691418
vt 0.597420 0.721589
vt 0.640776 0.775956
vt 0.656250 0.843750
vt 0.597420 0.965911
vt 0.640776 0.911544
vt 0.534769 0.996082
vt 0.465231 0.996082
vt 0.402580 0.965911
vt 0.359224 0.911544
vt 0.343750 0.843750
vt 0.359224 0.775956
vt 0.402580 0.721589
vt 0.465231 0.691418
vt 0.534769 0.691418
vt 0.597420 0.721589
vt 0.640776 0.775956
vt 0.656250 0.843750
vt 0.597420 0.965911
vt 0.640776 0.911544
vt 0.534769 0.996082
vt 0.465231 0.996082
vt 0.402580 0.965911
vt 0.359224 0.911544
vt 0.343750 0.843750
vt 0.359224 0.775956
vt 0.402580 0.721589
vt 0.465231 0.691418
vt 0.534769 0.691418
vt 0.597420 0.721589
vt 0.640776 0.775956
vt 0.656250 0.843750
vt 0.375000 0.000000
vt 0.426542 0.000000
vt 0.426542 0.250000
vt 0.375000 0.250000
vt 0.375000 0.500000
vt 0.426542 0.500000
vt 0.426542 0.750000
vt 0.375000 0.750000
vt 0.426542 1.000000
vt 0.375000 1.000000
vt 0.625000 0.000000
vt 0.875000 0.000000
vt 0.875000 0.250000
vt 0.625000 0.250000
vt 0.125000 0.000000
vt 0.300067 0.250000
vt 0.195232 0.250000
vt 0.125000 0.250000
vt 0.471278 0.500000
vt 0.471278 0.250000
vt 0.471278 0.500000
vt 0.471278 0.750000
vt 0.625000 0.250000
vt 0.625000 0.500000
vt 0.625000 0.500000
vt 0.625000 0.250000
vt 0.625000 0.000000
vt 0.750000 0.375000
vt 0.375000 0.500000
vt 0.375000 0.500000
vt 0.375000 0.500000
vt 0.375000 0.500000
vt 0.375000 0.500000
vt 0.471278 0.500000
vt 0.613813 0.500000
vt 0.624999 0.500000
vt 0.625000 0.500000
vt 0.471278 0.500000
vt 0.375000 0.500000
vt 0.426542 0.500000
vt 0.471278 0.500000
vt 0.625000 0.500000
vt 0.426542 0.250000
vt 0.375000 0.250000
vt 0.471278 0.250000
vt 0.625000 0.250000
vt 0.379919 0.498761
vt 0.379919 0.251939
vt 0.426542 0.270317
vt 0.426542 0.487015
vt 0.365463 0.250000
vt 0.352417 0.468595
vt 0.548139 0.250000
vt 0.426542 0.250000
vt 0.413657 0.250000
vt 0.400771 0.250000
vt 0.387886 0.250000
vt 0.375000 0.250000
vt 0.375000 0.250000
vt 0.375000 0.250000
vt 0.387886 0.255079
vt 0.400771 0.260158
vt 0.413657 0.265238
vt 0.426542 0.270317
vt 0.375000 0.500000
vt 0.387886 0.500000
vt 0.400771 0.500000
vt 0.413657 0.500000
vt 0.426542 0.500000
vt 0.375000 0.500000
vt 0.375000 0.500000
vt 0.375000 0.500000
vt 0.375000 0.500000
vt 0.426542 0.487015
vt 0.426542 0.487015
vt 0.413657 0.490261
vt 0.400771 0.493507
vt 0.387886 0.496754
vt 0.471278 0.250000
vt 0.426542 0.270317
vt 0.456941 0.265238
vt 0.487341 0.260158
vt 0.517740 0.255079
vt 0.548139 0.250000
vt 0.437726 0.500000
vt 0.448910 0.500000
vt 0.460094 0.500000
vt 0.471278 0.500000
vt 0.426542 0.487015
vt 0.463986 0.497883
vt 0.471277 0.500000
vt 0.471277 0.500000
vt 0.426542 0.487015
vt 0.548139 0.250000
vt 0.567354 0.250000
vt 0.586569 0.250000
vt 0.605785 0.250000
vt 0.625000 0.250000
vt 0.548139 0.250000
vt 0.548139 0.250000
vt 0.548139 0.250000
vt 0.548139 0.250000
vt 0.509708 0.500000
vt 0.548139 0.500000
vt 0.586569 0.500000
vt 0.625000 0.500000
vt 0.625000 0.500000
vt 0.586569 0.500000
vt 0.548139 0.500000
vt 0.509708 0.500000
vt 0.471278 0.500000
vt 0.413657 0.500000
vt 0.400771 0.500000
vt 0.400771 0.493507
vt 0.413657 0.490261
vt 0.437726 0.250000
vt 0.448910 0.250000
vt 0.487341 0.260158
vt 0.456941 0.265238
vt 0.460094 0.500000
vt 0.460094 0.496754
vt 0.509708 0.250000
vt 0.548139 0.250000
vt 0.548139 0.250000
vt 0.471278 0.250000
vt 0.586569 0.500000
vt 0.548139 0.500000
vt 0.548139 0.500000
vt 0.586569 0.500000
vt 0.413657 0.250000
vt 0.413657 0.265238
vt 0.400771 0.260158
vt 0.400771 0.250000
vt 0.387886 0.250000
vt 0.387886 0.255079
vt 0.375000 0.250000
vt 0.375000 0.250000
vt 0.387886 0.500000
vt 0.375000 0.500000
vt 0.375000 0.500000
vt 0.387886 0.496754
vt 0.387886 0.500000
vt 0.387886 0.496754
vt 0.400771 0.493507
vt 0.400771 0.500000
vt 0.413657 0.500000
vt 0.413657 0.490261
vt 0.460094 0.250000
vt 0.517740 0.255079
vt 0.460094 0.250000
vt 0.517740 0.255079
vt 0.487341 0.260158
vt 0.448910 0.250000
vt 0.437726 0.250000
vt 0.456941 0.265238
vt 0.426542 0.270317
vt 0.426542 0.250000
vt 0.460094 0.500000
vt 0.448910 0.500000
vt 0.448910 0.493507
vt 0.460094 0.496754
vt 0.437726 0.500000
vt 0.426542 0.500000
vt 0.426542 0.487015
vt 0.437726 0.490261
vt 0.437726 0.500000
vt 0.437726 0.490261
vt 0.448910 0.493507
vt 0.448910 0.500000
vt 0.509708 0.250000
vt 0.548139 0.250000
vt 0.548139 0.250000
vt 0.548139 0.250000
vt 0.586569 0.250000
vt 0.548139 0.250000
vt 0.586569 0.250000
vt 0.548139 0.250000
vt 0.548139 0.250000
vt 0.548139 0.250000
vt 0.509708 0.500000
vt 0.471278 0.500000
vt 0.471278 0.500000
vt 0.509708 0.500000
vt 0.875000 0.000000
vt 0.625000 0.000000
vt 0.875000 0.250000
vt 0.875000 0.250000
vt 0.625000 0.250000
vt 0.548139 0.250000
vt 0.548139 0.250000
vt 0.548139 0.250000
vt 0.548139 0.250000
vt 0.539290 0.250000
vt 0.426542 0.250000
vt 0.620575 0.485607
vt 0.552564 0.264393
vt 0.426542 0.259552
vt 0.452746 0.250000
vt 0.445024 0.250000
vt 0.426542 0.264393
vt 0.478607 0.250000
vt 0.471278 0.264393
vt 0.436251 0.500000
vt 0.426542 0.493508
vt 0.426542 0.485607
vt 0.438250 0.500000
vt 0.471278 0.485607
vt 0.472684 0.500000
vt 0.548139 0.250000
vt 0.625000 0.264393
vt 0.612520 0.250000
vt 0.625000 0.263580
vt 0.609955 0.250000
vt 0.530431 0.250000
vt 0.525824 0.264393
vt 0.613137 0.500000
vt 0.625000 0.485607
vt 0.613046 0.500000
vt 0.625000 0.486420
vt 0.527619 0.485607
vt 0.538215 0.500000
vt 0.537910 0.250000
vt 0.525817 0.263580
vt 0.527619 0.485607
vt 0.542474 0.500000
vt 0.542244 0.485607
vt 0.610258 0.485607
vt 0.540637 0.264393
vt 0.610914 0.263580
vt 0.548139 0.250000
vt 0.375000 0.250000
vt 0.471278 0.250000
vt 0.485948 0.250000
vt 0.625000 0.250000
vt 0.625000 0.250000
vt 0.586569 0.250000
vt 0.548139 0.250000
vt 0.509708 0.250000
vt 0.471278 0.250000
vt 0.375390 0.250154
vt 0.379693 0.498739
vt 0.375390 0.499902
vt 0.650157 0.175002
vt 0.632502 0.229339
vt 0.630432 0.235710
vt 0.652227 0.168631
vt 0.535266 0.304853
vt 0.464734 0.304853
vt 0.464734 0.304853
vt 0.535266 0.304853
vt 0.347773 0.168631
vt 0.347773 0.143869
vt 0.347773 0.143869
vt 0.347773 0.168631
vt 0.610458 0.259681
vt 0.615877 0.255743
vt 0.389542 0.052819
vt 0.435765 0.019237
vt 0.441184 0.015299
vt 0.384123 0.056757
vt 0.369568 0.235710
vt 0.369568 0.235710
vt 0.441184 0.297201
vt 0.441184 0.297201
vt 0.384123 0.255743
vt 0.384123 0.255743
vt 0.564235 0.293263
vt 0.558816 0.297201
vt 0.367498 0.083161
vt 0.369568 0.076790
vt 0.349843 0.137498
vt 0.528567 0.304853
vt 0.471433 0.304853
vt 0.349843 0.175002
vt 0.375000 0.312500
vt 0.380104 0.312500
vt 0.380104 0.687500
vt 0.375000 0.687500
vt 0.394896 0.312500
vt 0.394896 0.687500
vt 0.400000 0.312500
vt 0.405104 0.687500
vt 0.605104 0.312500
vt 0.619895 0.312500
vt 0.619895 0.687500
vt 0.605104 0.687500
vt 0.367498 0.229339
vt 0.435765 0.293263
vt 0.389542 0.259681
vt 0.594895 0.312500
vt 0.600000 0.312500
vt 0.594895 0.687500
vt 0.405104 0.312500
vt 0.419896 0.312500
vt 0.419896 0.687500
vt 0.425000 0.312500
vt 0.430104 0.687500
vt 0.580104 0.312500
vt 0.580104 0.687500
vt 0.569896 0.312500
vt 0.575000 0.312500
vt 0.569896 0.687500
vt 0.430104 0.312500
vt 0.444896 0.312500
vt 0.444896 0.687500
vt 0.555104 0.312500
vt 0.555104 0.687500
vt 0.450000 0.312500
vt 0.455104 0.687500
vt 0.652334 0.855802
vt 0.652334 0.855802
vt 0.630325 0.923539
vt 0.630325 0.923539
vt 0.455104 0.312500
vt 0.469896 0.312500
vt 0.469896 0.687500
vt 0.544896 0.312500
vt 0.550000 0.312500
vt 0.544896 0.687500
vt 0.530104 0.312500
vt 0.530104 0.687500
vt 0.475000 0.312500
vt 0.480104 0.687500
vt 0.630325 0.763961
vt 0.630325 0.763961
vt 0.652334 0.831698
vt 0.652334 0.831698
vt 0.480104 0.312500
vt 0.494896 0.312500
vt 0.494896 0.687500
vt 0.519895 0.312500
vt 0.525000 0.312500
vt 0.519896 0.687500
vt 0.505104 0.312500
vt 0.505104 0.687500
vt 0.631179 0.920911
vt 0.613921 0.944665
vt 0.616157 0.943040
vt 0.500000 0.312500
vt 0.560772 0.983279
vt 0.558536 0.984904
vt 0.626409 0.935591
vt 0.610458 0.947181
vt 0.606880 0.949780
vt 0.633868 0.912633
vt 0.564235 0.980763
vt 0.567813 0.978164
vt 0.532847 0.992353
vt 0.535612 0.992353
vt 0.633868 0.912633
vt 0.606880 0.949780
vt 0.548284 0.992353
vt 0.524144 0.992353
vt 0.567813 0.978164
vt 0.650157 0.862502
vt 0.632502 0.916839
vt 0.648790 0.866708
vt 0.651480 0.858431
vt 0.524144 0.992353
vt 0.648790 0.866708
vt 0.650157 0.824998
vt 0.656250 0.843750
vt 0.648790 0.820792
vt 0.528567 0.992353
vt 0.471433 0.992353
vt 0.475856 0.992353
vt 0.651480 0.829069
vt 0.467153 0.992353
vt 0.464388 0.992353
vt 0.648790 0.820792
vt 0.475856 0.992353
vt 0.451716 0.992353
vt 0.432187 0.978164
vt 0.632502 0.770661
vt 0.633868 0.774867
vt 0.432187 0.978164
vt 0.633868 0.774867
vt 0.439228 0.983279
vt 0.631179 0.766589
vt 0.464388 0.992353
vt 0.535612 0.992353
vt 0.441464 0.984904
vt 0.610458 0.740319
vt 0.626409 0.751909
vt 0.606880 0.737720
vt 0.435765 0.980763
vt 0.389542 0.947181
vt 0.393120 0.949780
vt 0.347666 0.831698
vt 0.347666 0.831698
vt 0.369675 0.763961
vt 0.369675 0.763961
vt 0.606880 0.737720
vt 0.393120 0.949780
vt 0.613921 0.742835
vt 0.386079 0.944665
vt 0.564235 0.706737
vt 0.567813 0.709336
vt 0.373591 0.935591
vt 0.366132 0.912633
vt 0.616157 0.744460
vt 0.383843 0.943040
vt 0.567813 0.709336
vt 0.366132 0.912633
vt 0.613992 0.944613
vt 0.560701 0.983331
vt 0.527764 0.881964
vt 0.560772 0.704221
vt 0.368821 0.920911
vt 0.367498 0.916839
vt 0.349843 0.862502
vt 0.351210 0.866708
vt 0.528567 0.695147
vt 0.548284 0.695147
vt 0.524144 0.695147
vt 0.651507 0.858347
vt 0.631152 0.920995
vt 0.544924 0.858347
vt 0.351210 0.866708
vt 0.524144 0.695147
vt 0.532936 0.992353
vt 0.467064 0.992353
vt 0.500000 0.890986
vt 0.472236 0.881964
vt 0.472236 0.881964
vt 0.500000 0.890986
vt 0.500000 0.890986
vt 0.471433 0.695147
vt 0.475856 0.695147
vt 0.343750 0.843750
vt 0.351210 0.820792
vt 0.558536 0.702596
vt 0.369675 0.923539
vt 0.475856 0.695147
vt 0.351210 0.820792
vt 0.348520 0.858431
vt 0.532847 0.695147
vt 0.631152 0.766505
vt 0.651507 0.829153
vt 0.544924 0.829153
vt 0.349843 0.824998
vt 0.367498 0.770661
vt 0.366132 0.774867
vt 0.435765 0.706737
vt 0.451716 0.695147
vt 0.432187 0.709336
vt 0.366132 0.774867
vt 0.432187 0.709336
vt 0.439300 0.983331
vt 0.386008 0.944613
vt 0.472236 0.881964
vt 0.389542 0.740319
vt 0.393120 0.737720
vt 0.373591 0.751909
vt 0.393120 0.737720
vt 0.467153 0.695147
vt 0.348520 0.829069
vt 0.560700 0.704169
vt 0.613992 0.742887
vt 0.527764 0.805536
vt 0.347666 0.855802
vt 0.535612 0.695147
vt 0.616157 0.943040
vt 0.368821 0.766590
vt 0.558536 0.984904
vt 0.439228 0.704221
vt 0.386079 0.742835
vt 0.368848 0.920995
vt 0.348493 0.858347
vt 0.455076 0.858347
vt 0.467064 0.695147
vt 0.532936 0.695147
vt 0.500000 0.796514
vt 0.464388 0.695147
vt 0.348493 0.829153
vt 0.368848 0.766505
vt 0.455076 0.829153
vt 0.500000 0.796514
vt 0.500000 0.796514
vt 0.472236 0.805536
vt 0.472236 0.805536
vt 0.386008 0.742887
vt 0.439299 0.704169
vt 0.472236 0.805535
vt 0.625000 0.758295
vt 0.375000 0.758295
vt 0.375000 0.827462
vt 0.625000 0.827462
vt 0.441464 0.702596
vt 0.383843 0.744460
vt 0.535612 0.695147
vt 0.464388 0.695147
vt 0.625000 0.418394
vt 0.375000 0.418394
vt 0.375000 0.489713
vt 0.625000 0.489713
vt 0.527764 0.881964
vt 0.544924 0.858347
vt 0.616157 0.744460
vt 0.383843 0.943040
vt 0.441464 0.984904
vt 0.544924 0.829153
vt 0.527764 0.805536
vt 0.558536 0.702596
vt 0.369675 0.923539
vt 0.625000 0.922538
vt 0.375000 0.922538
vt 0.375000 0.991705
vt 0.625000 0.991705
vt 0.347666 0.855802
vt 0.464388 0.992353
vt 0.464388 0.992353
vt 0.535612 0.992353
vt 0.535612 0.992353
vt 0.455076 0.829153
vt 0.455076 0.858347
vt 0.625000 0.260287
vt 0.375000 0.260287
vt 0.375000 0.331606
vt 0.625000 0.331606
vt 0.441464 0.702596
vt 0.383843 0.744460
vt 0.472236 0.881964
vt 0.500000 0.890986
vt 0.500000 0.796514
vt 0.472236 0.805535
vt 0.535612 0.695147
vt 0.535612 0.695147
vt 0.464388 0.695147
vt 0.464388 0.695147
vt 0.133295 0.000000
vt 0.132836 0.005430
vt 0.132836 0.221037
vt 0.135287 0.250000
vt 0.206606 0.250000
vt 0.203789 0.242141
vt 0.192880 0.113233
vt 0.202462 0.000000
vt 0.537405 0.991770
vt 0.537405 0.991770
vt 0.297538 0.000000
vt 0.307120 0.113234
vt 0.296211 0.242141
vt 0.293394 0.250000
vt 0.364713 0.250000
vt 0.367164 0.221037
vt 0.367164 0.005430
vt 0.366705 0.000000
vt 0.454821 0.989244
vt 0.454821 0.989244
vt 0.524388 0.883061
vt 0.524388 0.883061
vt 0.470543 0.879635
vt 0.470543 0.879634
vt 0.524388 0.804439
vt 0.524388 0.804439
vt 0.537405 0.695730
vt 0.537405 0.695730
vt 0.797538 0.000000
vt 0.807120 0.113233
vt 0.796211 0.242141
vt 0.793394 0.250000
vt 0.864713 0.250000
vt 0.867164 0.221036
vt 0.867164 0.005430
vt 0.866705 0.000000
vt 0.470543 0.807865
vt 0.470543 0.807865
vt 0.454821 0.698256
vt 0.454821 0.698256
vt 0.633295 0.000000
vt 0.632836 0.005430
vt 0.632836 0.221037
vt 0.635287 0.250000
vt 0.706606 0.250000
vt 0.703789 0.242141
vt 0.692880 0.113234
vt 0.702462 0.000000
vt 0.471433 0.007647
vt 0.464734 0.007647
vt 0.558816 0.297201
vt 0.369568 0.076790
vt 0.528567 0.007647
vt 0.535266 0.007647
vt 0.650157 0.137498
vt 0.652227 0.143869
vt 0.441184 0.297201
vt 0.441184 0.297201
vt 0.384123 0.255743
vt 0.384123 0.255743
vt 0.369568 0.235710
vt 0.632502 0.083161
vt 0.630432 0.076790
vt 0.384123 0.056757
vt 0.615877 0.255743
vt 0.564235 0.019237
vt 0.558816 0.015299
vt 0.464734 0.304853
vt 0.347773 0.168631
vt 0.347773 0.168631
vt 0.347773 0.143869
vt 0.347773 0.143869
vt 0.610458 0.052819
vt 0.615877 0.056757
vt 0.369568 0.235710
vt 0.369568 0.076790
vt 0.369568 0.076790
vt 0.464734 0.304853
vt 0.535266 0.304853
vt 0.441184 0.015299
vt 0.630432 0.235710
vt 0.441184 0.297201
vt 0.384123 0.255743
vt 0.476450 0.188664
vt 0.369568 0.235710
vt 0.347773 0.168631
vt 0.461895 0.168631
vt 0.535266 0.304853
vt 0.464734 0.304853
vt 0.500000 0.196316
vt 0.615877 0.255743
vt 0.615877 0.255743
vt 0.558816 0.297201
vt 0.558816 0.297201
vt 0.535266 0.304853
vt 0.347773 0.143869
vt 0.369568 0.076790
vt 0.461895 0.143869
vt 0.384123 0.056757
vt 0.384123 0.056757
vt 0.441184 0.015299
vt 0.441184 0.015299
vt 0.652227 0.168631
vt 0.464734 0.007647
vt 0.615877 0.255743
vt 0.558816 0.297201
vt 0.523550 0.188664
vt 0.535266 0.007647
vt 0.384123 0.056757
vt 0.441184 0.015299
vt 0.476450 0.123836
vt 0.652227 0.143869
vt 0.652227 0.168631
vt 0.652227 0.168631
vt 0.630432 0.235710
vt 0.630432 0.235710
vt 0.652227 0.168631
vt 0.630432 0.235710
vt 0.538105 0.168631
vt 0.630432 0.076790
vt 0.558816 0.015299
vt 0.464734 0.007647
vt 0.535266 0.007647
vt 0.500000 0.116184
vt 0.615877 0.056757
vt 0.630432 0.076790
vt 0.652227 0.143869
vt 0.538105 0.143869
vt 0.558816 0.015299
vt 0.615877 0.056757
vt 0.523550 0.123836
vt 0.558816 0.015299
vt 0.558816 0.015299
vt 0.615877 0.056757
vt 0.615877 0.056757
vt 0.464734 0.007647
vt 0.535266 0.007647
vt 0.652227 0.143869
vt 0.464734 0.007647
vt 0.630432 0.076790
vt 0.535266 0.007647
vt 0.652227 0.143869
vt 0.630432 0.076790
vt 0.375000 0.312500
vt 0.392857 0.312500
vt 0.392857 0.687500
vt 0.375000 0.687500
vt 0.410714 0.312500
vt 0.410714 0.687500
vt 0.428571 0.312500
vt 0.428571 0.687500
vt 0.446429 0.312500
vt 0.446429 0.687500
vt 0.464286 0.312500
vt 0.464286 0.687500
vt 0.482143 0.312500
vt 0.482143 0.687500
vt 0.500000 0.312500
vt 0.500000 0.687500
vt 0.517857 0.312500
vt 0.517857 0.687500
vt 0.535714 0.312500
vt 0.535714 0.687500
vt 0.553571 0.312500
vt 0.553571 0.687500
vt 0.571428 0.312500
vt 0.571428 0.687500
vt 0.589286 0.312500
vt 0.589286 0.687500
vt 0.607143 0.312500
vt 0.607143 0.687500
vt 0.625000 0.312500
vt 0.625000 0.687500
vt 0.597420 0.034089
vt 0.640776 0.088456
vt 0.500000 0.156250
vt 0.534769 0.003918
vt 0.465231 0.003918
vt 0.402580 0.034089
vt 0.359224 0.088456
vt 0.343750 0.156250
vt 0.359224 0.224044
vt 0.402580 0.278411
vt 0.465231 0.308582
vt 0.534769 0.308582
vt 0.597420 0.278411
vt 0.640776 0.224044
vt 0.656250 0.156250
vt 0.640776 0.911544
vt 0.597420 0.965911
vt 0.500000 0.843750
vt 0.534769 0.996082
vt 0.465231 0.996082
vt 0.402580 0.965911
vt 0.359224 0.911544
vt 0.343750 0.843750
vt 0.359224 0.775956
vt 0.402580 0.721589
vt 0.465231 0.691418
vt 0.534769 0.691418
vt 0.597420 0.721589
vt 0.640776 0.775956
vt 0.656250 0.843750
vt 0.640776 0.911544
vt 0.597420 0.965911
vt 0.597420 0.965911
vt 0.640776 0.911544
vt 0.534769 0.996082
vt 0.534769 0.996082
vt 0.465231 0.996082
vt 0.465231 0.996082
vt 0.402580 0.965911
vt 0.402580 0.965911
vt 0.359224 0.911544
vt 0.359224 0.911544
vt 0.343750 0.843750
vt 0.343750 0.843750
vt 0.359224 0.775956
vt 0.359224 0.775956
vt 0.402580 0.721589
vt 0.402580 0.721589
vt 0.465231 0.691418
vt 0.465231 0.691418
vt 0.534769 0.691418
vt 0.534769 0.691418
vt 0.597420 0.721589
vt 0.597420 0.721589
vt 0.640776 0.775956
vt 0.640776 0.775956
vt 0.656250 0.843750
vt 0.656250 0.843750
vt 0.597420 0.965911
vt 0.640776 0.911544
vt 0.534769 0.996082
vt 0.465231 0.996082
vt 0.402580 0.965911
vt 0.359224 0.911544
vt 0.343750 0.843750
vt 0.359224 0.775956
vt 0.402580 0.721589
vt 0.465231 0.691418
vt 0.534769 0.691418
vt 0.597420 0.721589
vt 0.640776 0.775956
vt 0.656250 0.843750
vt 0.597420 0.965911
vt 0.640776 0.911544
vt 0.534769 0.996082
vt 0.465231 0.996082
vt 0.402580 0.965911
vt 0.359224 0.911544
vt 0.343750 0.843750
vt 0.359224 0.775956
vt 0.402580 0.721589
vt 0.465231 0.691418
vt 0.534769 0.691418
vt 0.597420 0.721589
vt 0.640776 0.775956
vt 0.656250 0.843750
vt 0.597420 0.965911
vt 0.640776 0.911544
vt 0.534769 0.996082
vt 0.465231 0.996082
vt 0.402580 0.965911
vt 0.359224 0.911544
vt 0.343750 0.843750
vt 0.359224 0.775956
vt 0.402580 0.721589
vt 0.465231 0.691418
vt 0.534769 0.691418
vt 0.597420 0.721589
vt 0.640776 0.775956
vt 0.656250 0.843750
vt 0.597420 0.965911
vt 0.640776 0.911544
vt 0.534769 0.996082
vt 0.465231 0.996082
vt 0.402580 0.965911
vt 0.359224 0.911544
vt 0.343750 0.843750
vt 0.359224 0.775956
vt 0.402580 0.721589
vt 0.465231 0.691418
vt 0.534769 0.691418
vt 0.597420 0.721589
vt 0.640776 0.775956
vt 0.656250 0.843750
vt 0.597420 0.965911
vt 0.640776 0.911544
vt 0.534769 0.996082
vt 0.465231 0.996082
vt 0.402580 0.965911
vt 0.359224 0.911544
vt 0.343750 0.843750
vt 0.359224 0.775956
vt 0.402580 0.721589
vt 0.465231 0.691418
vt 0.534769 0.691418
vt 0.597420 0.721589
vt 0.640776 0.775956
vt 0.656250 0.843750
vt 0.597420 0.965911
vt 0.640776 0.911544
vt 0.534769 0.996082
vt 0.465231 0.996082
vt 0.402580 0.965911
vt 0.359224 0.911544
vt 0.343750 0.843750
vt 0.359224 0.775956
vt 0.402580 0.721589
vt 0.465231 0.691418
vt 0.534769 0.691418
vt 0.597420 0.721589
vt 0.640776 0.775956
vt 0.656250 0.843750
vt 0.375000 0.312500
vt 0.392857 0.312500
vt 0.392857 0.687500
vt 0.375000 0.687500
vt 0.410714 0.312500
vt 0.410714 0.687500
vt 0.428571 0.312500
vt 0.428571 0.687500
vt 0.446429 0.312500
vt 0.446429 0.687500
vt 0.464286 0.312500
vt 0.464286 0.687500
vt 0.482143 0.312500
vt 0.482143 0.687500
vt 0.500000 0.312500
vt 0.500000 0.687500
vt 0.517857 0.312500
vt 0.517857 0.687500
vt 0.535714 0.312500
vt 0.535714 0.687500
vt 0.553571 0.312500
vt 0.553571 0.687500
vt 0.571428 0.312500
vt 0.571428 0.687500
vt 0.589286 0.312500
vt 0.589286 0.687500
vt 0.607143 0.312500
vt 0.607143 0.687500
vt 0.625000 0.312500
vt 0.625000 0.687500
vt 0.597420 0.034089
vt 0.640776 0.088456
vt 0.500000 0.156250
vt 0.534769 0.003918
vt 0.465231 0.003918
vt 0.402580 0.034089
vt 0.359224 0.088456
vt 0.343750 0.156250
vt 0.359224 0.224044
vt 0.402580 0.278411
vt 0.465231 0.308582
vt 0.534769 0.308582
vt 0.597420 0.278411
vt 0.640776 0.224044
vt 0.656250 0.156250
vt 0.640776 0.911544
vt 0.597420 0.965911
vt 0.500000 0.843750
vt 0.534769 0.996082
vt 0.465231 0.996082
vt 0.402580 0.965911
vt 0.359224 0.911544
vt 0.343750 0.843750
vt 0.359224 0.775956
vt 0.402580 0.721589
vt 0.465231 0.691418
vt 0.534769 0.691418
vt 0.597420 0.721589
vt 0.640776 0.775956
vt 0.656250 0.843750
vt 0.640776 0.911544
vt 0.597420 0.965911
vt 0.597420 0.965911
vt 0.640776 0.911544
vt 0.534769 0.996082
vt 0.534769 0.996082
vt 0.465231 0.996082
vt 0.465231 0.996082
vt 0.402580 0.965911
vt 0.402580 0.965911
vt 0.359224 0.911544
vt 0.359224 0.911544
vt 0.343750 0.843750
vt 0.343750 0.843750
vt 0.359224 0.775956
vt 0.359224 0.775956
vt 0.402580 0.721589
vt 0.402580 0.721589
vt 0.465231 0.691418
vt 0.465231 0.691418
vt 0.534769 0.691418
vt 0.534769 0.691418
vt 0.597420 0.721589
vt 0.597420 0.721589
vt 0.640776 0.775956
vt 0.640776 0.775956
vt 0.656250 0.843750
vt 0.656250 0.843750
vt 0.597420 0.965911
vt 0.640776 0.911544
vt 0.534769 0.996082
vt 0.465231 0.996082
vt 0.402580 0.965911
vt 0.359224 0.911544
vt 0.343750 0.843750
vt 0.359224 0.775956
vt 0.402580 0.721589
vt 0.465231 0.691418
vt 0.534769 0.691418
vt 0.597420 0.721589
vt 0.640776 0.775956
vt 0.656250 0.843750
vt 0.597420 0.965911
vt 0.640776 0.911544
vt 0.534769 0.996082
vt 0.465231 0.996082
vt 0.402580 0.965911
vt 0.359224 0.911544
vt 0.343750 0.843750
vt 0.359224 0.775956
vt 0.402580 0.721589
vt 0.465231 0.691418
vt 0.534769 0.691418
vt 0.597420 0.721589
vt 0.640776 0.775956
vt 0.656250 0.843750
vt 0.597420 0.965911
vt 0.640776 0.911544
vt 0.534769 0.996082
vt 0.465231 0.996082
vt 0.402580 0.965911
vt 0.359224 0.911544
vt 0.343750 0.843750
vt 0.359224 0.775956
vt 0.402580 0.721589
vt 0.465231 0.691418
vt 0.534769 0.691418
vt 0.597420 0.721589
vt 0.640776 0.775956
vt 0.656250 0.843750
vt 0.597420 0.965911
vt 0.640776 0.911544
vt 0.534769 0.996082
vt 0.465231 0.996082
vt 0.402580 0.965911
vt 0.359224 0.911544
vt 0.343750 0.843750
vt 0.359224 0.775956
vt 0.402580 0.721589
vt 0.465231 0.691418
vt 0.534769 0.691418
vt 0.597420 0.721589
vt 0.640776 0.775956
vt 0.656250 0.843750
vt 0.597420 0.965911
vt 0.640776 0.911544
vt 0.534769 0.996082
vt 0.465231 0.996082
vt 0.402580 0.965911
vt 0.359224 0.911544
vt 0.343750 0.843750
vt 0.359224 0.775956
vt 0.402580 0.721589
vt 0.465231 0.691418
vt 0.534769 0.691418
vt 0.597420 0.721589
vt 0.640776 0.775956
vt 0.656250 0.843750
vt 0.597420 0.965911
vt 0.640776 0.911544
vt 0.534769 0.996082
vt 0.465231 0.996082
vt 0.402580 0.965911
vt 0.359224 0.911544
vt 0.343750 0.843750
vt 0.359224 0.775956
vt 0.402580 0.721589
vt 0.465231 0.691418
vt 0.534769 0.691418
vt 0.597420 0.721589
vt 0.640776 0.775956
vt 0.656250 0.843750
vn -0.776818 -0.567363 -0.273227
vn -0.776819 -0.392626 -0.492339
vn -0.776819 -0.392627 -0.492339
vn -0.776818 -0.567363 -0.273227
vn -0.776819 -0.140126 -0.613936
vn -0.776819 -0.140127 -0.613936
vn -0.776818 0.140129 -0.613936
vn -0.776818 0.140129 -0.613936
vn -0.776817 0.392630 -0.492338
vn -0.776817 0.392631 -0.492338
vn -0.776818 0.567363 -0.273228
vn -0.776818 0.567363 -0.273228
vn -0.776820 0.629723 -0.000000
vn -0.776820 0.629723 -0.000000
vn -0.776821 0.567359 0.273228
vn -0.776821 0.567359 0.273228
vn -0.776819 0.392626 0.492339
vn -0.776819 0.392626 0.492339
vn -0.776818 0.140131 0.613936
vn -0.776818 0.140131 0.613936
vn -0.776819 -0.140124 0.613936
vn -0.776819 -0.140124 0.613936
vn -0.776819 -0.392625 0.492339
vn -0.776819 -0.392624 0.492339
vn -0.776819 -0.567362 0.273227
vn -0.776819 -0.567362 0.273227
vn -0.776817 -0.629727 -0.000000
vn -0.776817 -0.629726 -0.000000
vn -1.000000 -0.000009 0.000000
vn -1.000000 0.000000 0.000000
vn -1.000000 0.000000 0.000000
vn -1.000000 -0.000000 0.000000
vn -1.000000 0.000009 0.000000
vn -1.000000 0.000000 0.000000
vn -1.000000 0.000002 0.000000
vn -1.000000 0.000006 0.000000
vn -1.000000 0.000004 0.000000
vn -1.000000 0.000000 0.000000
vn -1.000000 0.000000 0.000000
vn -1.000000 -0.000004 0.000000
vn -1.000000 -0.000004 0.000000
vn -1.000000 0.000000 0.000000
vn -1.000000 0.000000 0.000000
vn 1.000000 0.000002 0.000000
vn 1.000000 0.000002 0.000000
vn 1.000000 -0.000000 0.000000
vn 1.000000 0.000000 0.000000
vn 1.000000 0.000000 0.000000
vn 1.000000 0.000000 0.000000
vn 1.000000 -0.000002 0.000000
vn 1.000000 -0.000001 0.000000
vn 1.000000 -0.000001 0.000000
vn 1.000000 -0.000002 0.000000
vn 1.000000 0.000000 0.000000
vn 1.000000 0.000000 0.000000
vn 1.000000 0.000000 0.000000
vn 1.000000 0.000000 0.000000
vn 1.000000 0.000000 0.000000
vn 0.000000 -0.900969 -0.433884
vn 0.000001 -0.623490 -0.781832
vn 0.000001 -0.623489 -0.781832
vn 0.000000 -0.900969 -0.433884
vn 0.000000 -0.222521 -0.974928
vn 0.000000 -0.222521 -0.974928
vn -0.000000 0.222521 -0.974928
vn -0.000000 0.222521 -0.974928
vn -0.000001 0.623489 -0.781832
vn -0.000001 0.623489 -0.781832
vn -0.000001 0.900969 -0.433883
vn -0.000001 0.900969 -0.433883
vn -0.000001 1.000000 0.000000
vn -0.000001 1.000000 0.000000
vn -0.000000 0.900969 0.433884
vn -0.000000 0.900969 0.433884
vn -0.000000 0.623490 0.781831
vn -0.000000 0.623490 0.781831
vn 0.000000 0.222522 0.974928
vn 0.000000 0.222522 0.974928
vn -0.000000 -0.222521 0.974928
vn -0.000000 -0.222521 0.974928
vn -0.000001 -0.623490 0.781832
vn -0.000001 -0.623490 0.781832
vn -0.000001 -0.900969 0.433883
vn -0.000001 -0.900969 0.433883
vn -0.000000 -1.000000 -0.000001
vn -0.000000 -1.000000 -0.000001
vn 0.000000 -0.900969 -0.433884
vn 0.000000 -0.623490 -0.781832
vn 0.000000 -0.623490 -0.781832
vn 0.000000 -0.900969 -0.433884
vn 0.000000 -0.222521 -0.974928
vn 0.000000 -0.222521 -0.974928
vn 0.000000 0.222521 -0.974928
vn 0.000000 0.222521 -0.974928
vn 0.000000 0.623490 -0.781831
vn 0.000000 0.623490 -0.781831
vn 0.000000 0.900969 -0.433884
vn 0.000000 0.900969 -0.433884
vn 0.000000 1.000000 0.000000
vn 0.000000 1.000000 0.000000
vn 0.000000 0.900969 0.433884
vn 0.000000 0.900969 0.433884
vn 0.000000 0.623490 0.781831
vn 0.000000 0.623490 0.781831
vn 0.000000 0.222521 0.974928
vn 0.000000 0.222521 0.974928
vn 0.000000 -0.222521 0.974928
vn 0.000000 -0.222521 0.974928
vn 0.000000 -0.623490 0.781832
vn 0.000000 -0.623490 0.781832
vn 0.000000 -0.900969 0.433884
vn 0.000000 -0.900969 0.433884
vn 0.000000 -1.000000 0.000000
vn 0.000000 -1.000000 0.000000
vn -1.000000 0.000000 0.000000
vn -1.000000 0.000000 0.000000
vn -1.000000 -0.000000 0.000000
vn -1.000000 0.000000 0.000000
vn -1.000000 0.000000 0.000000
vn -1.000000 0.000000 0.000000
vn -1.000000 0.000003 0.000000
vn -1.000000 0.000003 0.000000
vn -1.000000 0.000000 0.000000
vn -1.000000 0.000000 0.000000
vn -1.000000 0.000000 0.000000
vn -1.000000 0.000000 0.000000
vn -1.000000 -0.000004 0.000000
vn -1.000000 -0.000004 0.000000
vn -1.000000 0.000000 0.000000
vn 1.000000 0.000010 0.000000
vn 1.000000 0.000010 0.000000
vn 1.000000 -0.000000 0.000000
vn 1.000000 0.000000 0.000000
vn 1.000000 -0.000019 0.000000
vn 1.000000 -0.000019 0.000000
vn 1.000000 0.000000 0.000000
vn 1.000000 -0.000001 0.000000
vn 1.000000 0.000009 0.000000
vn 1.000000 -0.000010 0.000000
vn 1.000000 -0.000019 0.000000
vn 1.000000 0.000019 0.000000
vn 1.000000 0.000019 0.000000
vn 1.000000 0.000000 0.000000
vn 1.000000 0.000000 0.000000
vn 1.000000 -0.000005 0.000000
vn 1.000000 -0.000005 0.000000
vn 1.000000 -0.000005 0.000000
vn 1.000000 -0.000005 0.000000
vn 1.000000 -0.000005 0.000000
vn 1.000000 -0.000005 0.000000
vn 1.000000 -0.000005 0.000000
vn 1.000000 -0.000005 0.000000
vn 1.000000 0.000000 0.000000
vn 1.000000 0.000000 0.000000
vn 1.000000 0.000000 0.000000
vn 1.000000 0.000000 0.000000
vn 1.000000 0.000000 0.000000
vn 1.000000 0.000000 0.000000
vn 1.000000 0.000000 0.000000
vn 1.000000 0.000000 0.000000
vn 1.000000 0.000005 0.000000
vn 1.000000 0.000005 0.000000
vn 1.000000 0.000005 0.000000
vn 1.000000 0.000005 0.000000
vn 1.000000 -0.000011 0.000000
vn 1.000000 -0.000011 0.000000
vn 1.000000 -0.000011 0.000000
vn 1.000000 -0.000011 0.000000
vn 1.000000 0.000024 0.000000
vn 1.000000 0.000024 0.000000
vn 1.000000 0.000024 0.000000
vn 1.000000 0.000024 0.000000
vn 1.000000 0.000000 0.000000
vn 1.000000 0.000000 0.000000
vn 1.000000 0.000000 0.000000
vn 1.000000 0.000000 0.000000
vn 1.000000 0.000005 0.000000
vn 1.000000 0.000005 0.000000
vn 1.000000 0.000005 0.000000
vn 1.000000 0.000005 0.000000
vn 1.000000 0.000000 0.000000
vn 1.000000 0.000000 0.000000
vn 1.000000 0.000000 0.000000
vn 1.000000 0.000000 0.000000
vn 1.000000 -0.000011 0.000000
vn 1.000000 -0.000011 0.000000
vn 1.000000 -0.000011 0.000000
vn 1.000000 -0.000011 0.000000
vn 1.000000 -0.000005 0.000000
vn 1.000000 -0.000005 0.000000
vn 1.000000 -0.000005 0.000000
vn 1.000000 -0.000005 0.000000
vn 1.000000 0.000005 0.000000
vn 1.000000 0.000005 0.000000
vn 1.000000 0.000005 0.000000
vn 1.000000 0.000005 0.000000
vn 1.000000 0.000006 0.000000
vn 1.000000 0.000006 0.000000
vn 1.000000 0.000006 0.000000
vn 1.000000 0.000006 0.000000
vn 0.000000 -0.781831 -0.623490
vn 0.000000 -0.781831 -0.623490
vn 0.000000 -0.781831 -0.623490
vn 0.000000 -0.781831 -0.623490
vn 0.000000 -0.433882 -0.900970
vn 0.000000 -0.433882 -0.900970
vn 0.000000 -0.433882 -0.900970
vn 0.000000 -0.433882 -0.900970
vn 0.000000 -0.000000 -1.000000
vn 0.000000 -0.000000 -1.000000
vn 0.000000 -0.000000 -1.000000
vn 0.000000 -0.000000 -1.000000
vn 0.000000 0.433883 -0.900969
vn 0.000000 0.433883 -0.900969
vn 0.000000 0.433883 -0.900969
vn 0.000000 0.433883 -0.900969
vn 0.000000 0.781830 -0.623491
vn 0.000000 0.781830 -0.623491
vn 0.000000 0.781830 -0.623491
vn 0.000000 0.781830 -0.623491
vn 0.000000 0.974928 -0.222522
vn 0.000000 0.974928 -0.222522
vn 0.000000 0.974928 -0.222522
vn 0.000000 0.974928 -0.222522
vn 0.000000 0.974928 0.222522
vn 0.000000 0.974928 0.222522
vn 0.000000 0.974928 0.222522
vn 0.000000 0.974928 0.222522
vn 0.000000 0.781832 0.623489
vn 0.000000 0.781832 0.623489
vn 0.000000 0.781832 0.623489
vn 0.000000 0.781832 0.623489
vn 0.000000 0.433883 0.900969
vn 0.000000 0.433883 0.900969
vn 0.000000 0.433883 0.900969
vn 0.000000 0.433883 0.900969
vn 0.000000 0.000000 1.000000
vn 0.000000 0.000000 1.000000
vn 0.000000 0.000000 1.000000
vn 0.000000 0.000000 1.000000
vn 0.000000 -0.433882 0.900970
vn 0.000000 -0.433882 0.900970
vn 0.000000 -0.433882 0.900970
vn 0.000000 -0.433882 0.900970
vn 0.000000 -0.781833 0.623488
vn 0.000000 -0.781833 0.623488
vn 0.000000 -0.781833 0.623488
vn 0.000000 -0.781833 0.623488
vn 0.000000 -0.974927 0.222523
vn 0.000000 -0.974927 0.222523
vn 0.000000 -0.974927 0.222523
vn 0.000000 -0.974927 0.222523
vn 0.000000 -0.974927 -0.222523
vn 0.000000 -0.974927 -0.222523
vn 0.000000 -0.974927 -0.222523
vn 0.000000 -0.974927 -0.222523
vn -1.000000 0.000006 0.000000
vn -1.000000 0.000006 0.000000
vn -1.000000 0.000006 0.000000
vn -1.000000 0.000006 0.000000
vn -1.000000 0.000000 0.000000
vn -1.000000 0.000000 0.000000
vn -1.000000 0.000000 0.000000
vn -1.000000 0.000000 0.000000
vn -1.000000 0.000000 0.000000
vn -1.000000 0.000000 0.000000
vn -1.000000 0.000000 0.000000
vn -1.000000 0.000000 0.000000
vn -1.000000 0.000006 0.000000
vn -1.000000 0.000006 0.000000
vn -1.000000 0.000006 0.000000
vn -1.000000 0.000006 0.000000
vn -1.000000 0.000006 0.000000
vn -1.000000 0.000006 0.000000
vn -1.000000 0.000006 0.000000
vn -1.000000 0.000006 0.000000
vn -1.000000 0.000006 0.000000
vn -1.000000 0.000006 0.000000
vn -1.000000 0.000006 0.000000
vn -1.000000 0.000006 0.000000
vn -1.000000 -0.000007 0.000000
vn -1.000000 -0.000007 0.000000
vn -1.000000 -0.000007 0.000000
vn -1.000000 -0.000007 0.000000
vn -1.000000 -0.000017 0.000000
vn -1.000000 -0.000017 0.000000
vn -1.000000 -0.000017 0.000000
vn -1.000000 -0.000017 0.000000
vn -1.000000 0.000012 0.000000
vn -1.000000 0.000012 0.000000
vn -1.000000 0.000012 0.000000
vn -1.000000 0.000012 0.000000
vn -1.000000 0.000000 0.000000
vn -1.000000 0.000000 0.000000
vn -1.000000 0.000000 0.000000
vn -1.000000 0.000000 0.000000
vn -1.000000 -0.000006 0.000000
vn -1.000000 -0.000006 0.000000
vn -1.000000 -0.000006 0.000000
vn -1.000000 -0.000006 0.000000
vn -1.000000 0.000000 0.000000
vn -1.000000 0.000000 0.000000
vn -1.000000 0.000000 0.000000
vn -1.000000 0.000000 0.000000
vn -1.000000 0.000000 0.000000
vn -1.000000 0.000000 0.000000
vn -1.000000 0.000000 0.000000
vn -1.000000 0.000000 0.000000
vn -1.000000 -0.000010 0.000000
vn -1.000000 -0.000010 0.000000
vn -1.000000 -0.000010 0.000000
vn -1.000000 -0.000010 0.000000
vn 0.000000 -0.781831 -0.623490
vn 0.000000 -0.781831 -0.623490
vn 0.000000 -0.781831 -0.623490
vn 0.000000 -0.781831 -0.623490
vn 0.000000 -0.433883 -0.900969
vn 0.000000 -0.433883 -0.900969
vn 0.000000 -0.433883 -0.900969
vn 0.000000 -0.433883 -0.900969
vn 0.000000 -0.000001 -1.000000
vn 0.000000 -0.000001 -1.000000
vn 0.000000 -0.000001 -1.000000
vn 0.000000 -0.000001 -1.000000
vn 0.000000 0.433884 -0.900969
vn 0.000000 0.433884 -0.900969
vn 0.000000 0.433884 -0.900969
vn 0.000000 0.433884 -0.900969
vn 0.000000 0.781832 -0.623489
vn 0.000000 0.781832 -0.623489
vn 0.000000 0.781832 -0.623489
vn 0.000000 0.781832 -0.623489
vn 0.000000 0.974927 -0.222524
vn 0.000000 0.974927 -0.222524
vn 0.000000 0.974927 -0.222524
vn 0.000000 0.974927 -0.222524
vn 0.000000 0.974927 0.222524
vn 0.000000 0.974927 0.222524
vn 0.000000 0.974927 0.222524
vn 0.000000 0.974927 0.222524
vn 0.000000 0.781832 0.623489
vn 0.000000 0.781832 0.623489
vn 0.000000 0.781832 0.623489
vn 0.000000 0.781832 0.623489
vn 0.000000 0.433885 0.900968
vn 0.000000 0.433885 0.900968
vn 0.000000 0.433885 0.900968
vn 0.000000 0.433885 0.900968
vn 0.000000 0.000000 1.000000
vn 0.000000 0.000000 1.000000
vn 0.000000 0.000000 1.000000
vn 0.000000 0.000000 1.000000
vn 0.000000 -0.433883 0.900969
vn 0.000000 -0.433883 0.900969
vn 0.000000 -0.433883 0.900969
vn 0.000000 -0.433883 0.900969
vn 0.000000 -0.781831 0.623490
vn 0.000000 -0.781831 0.623490
vn 0.000000 -0.781831 0.623490
vn 0.000000 -0.781831 0.623490
vn 0.000000 -0.974928 0.222522
vn 0.000000 -0.974928 0.222522
vn 0.000000 -0.974928 0.222522
vn 0.000000 -0.974928 0.222522
vn 0.000000 -0.974928 -0.222522
vn 0.000000 -0.974928 -0.222522
vn 0.000000 -0.974928 -0.222522
vn 0.000000 -0.974928 -0.222522
vn 1.000000 -0.000003 0.000000
vn 1.000000 -0.000003 0.000000
vn 1.000000 -0.000003 0.000000
vn 1.000000 -0.000003 0.000000
vn 1.000000 0.000005 0.000000
vn 1.000000 0.000005 0.000000
vn 1.000000 0.000005 0.000000
vn 1.000000 0.000005 0.000000
vn 1.000000 -0.000005 0.000000
vn 1.000000 -0.000005 0.000000
vn 1.000000 -0.000005 0.000000
vn 1.000000 -0.000005 0.000000
vn 1.000000 0.000000 0.000000
vn 1.000000 0.000000 0.000000
vn 1.000000 0.000000 0.000000
vn 1.000000 0.000000 0.000000
vn 1.000000 -0.000005 0.000000
vn 1.000000 -0.000005 0.000000
vn 1.000000 -0.000005 0.000000
vn 1.000000 -0.000005 0.000000
vn 1.000000 0.000000 0.000000
vn 1.000000 0.000000 0.000000
vn 1.000000 0.000000 0.000000
vn 1.000000 0.000000 0.000000
vn 1.000000 -0.000010 0.000000
vn 1.000000 -0.000010 0.000000
vn 1.000000 -0.000010 0.000000
vn 1.000000 -0.000010 0.000000
vn 1.000000 0.000000 0.000000
vn 1.000000 0.000000 0.000000
vn 1.000000 0.000000 0.000000
vn 1.000000 0.000000 0.000000
vn 1.000000 0.000000 0.000000
vn 1.000000 0.000000 0.000000
vn 1.000000 0.000000 0.000000
vn 1.000000 0.000000 0.000000
vn 1.000000 0.000000 0.000000
vn 1.000000 0.000000 0.000000
vn 1.000000 0.000000 0.000000
vn 1.000000 0.000000 0.000000
vn 1.000000 0.000000 0.000000
vn 1.000000 0.000000 0.000000
vn 1.000000 0.000000 0.000000
vn 1.000000 0.000000 0.000000
vn 1.000000 0.000005 0.000000
vn 1.000000 0.000005 0.000000
vn 1.000000 0.000005 0.000000
vn 1.000000 0.000005 0.000000
vn 1.000000 0.000000 0.000000
vn 1.000000 0.000000 0.000000
vn 1.000000 0.000000 0.000000
vn 1.000000 0.000000 0.000000
vn 1.000000 0.000001 0.000000
vn 1.000000 0.000001 0.000000
vn 1.000000 0.000001 0.000000
vn 1.000000 0.000001 0.000000
vn 0.000000 -0.781831 -0.623490
vn 0.000000 -0.781831 -0.623490
vn 0.000000 -0.781831 -0.623490
vn 0.000000 -0.781831 -0.623490
vn 0.000000 -0.433885 -0.900968
vn 0.000000 -0.433885 -0.900968
vn 0.000000 -0.433885 -0.900968
vn 0.000000 -0.433885 -0.900968
vn 0.000000 -0.000000 -1.000000
vn 0.000000 -0.000000 -1.000000
vn 0.000000 -0.000000 -1.000000
vn 0.000000 -0.000000 -1.000000
vn 0.000000 0.433885 -0.900968
vn 0.000000 0.433885 -0.900968
vn 0.000000 0.433885 -0.900968
vn 0.000000 0.433885 -0.900968
vn 0.000000 0.781831 -0.623490
vn 0.000000 0.781831 -0.623490
vn 0.000000 0.781831 -0.623490
vn 0.000000 0.781831 -0.623490
vn 0.000000 0.974927 -0.222524
vn 0.000000 0.974927 -0.222524
vn 0.000000 0.974927 -0.222524
vn 0.000000 0.974927 -0.222524
vn 0.000000 0.974927 0.222524
vn 0.000000 0.974927 0.222524
vn 0.000000 0.974927 0.222524
vn 0.000000 0.974927 0.222524
vn 0.000000 0.781831 0.623490
vn 0.000000 0.781831 0.623490
vn 0.000000 0.781831 0.623490
vn 0.000000 0.781831 0.623490
vn 0.000000 0.433885 0.900968
vn 0.000000 0.433885 0.900968
vn 0.000000 0.433885 0.900968
vn 0.000000 0.433885 0.900968
vn 0.000000 0.000000 1.000000
vn 0.000000 0.000000 1.000000
vn 0.000000 0.000000 1.000000
vn 0.000000 0.000000 1.000000
vn 0.000000 -0.433884 0.900969
vn 0.000000 -0.433884 0.900969
vn 0.000000 -0.433884 0.900969
vn 0.000000 -0.433884 0.900969
vn 0.000000 -0.781831 0.623490
vn 0.000000 -0.781831 0.623490
vn 0.000000 -0.781831 0.623490
vn 0.000000 -0.781831 0.623490
vn 0.000000 -0.974928 0.222522
vn 0.000000 -0.974928 0.222522
vn 0.000000 -0.974928 0.222522
vn 0.000000 -0.974928 0.222522
vn 0.000000 -0.974928 -0.222521
vn 0.000000 -0.974928 -0.222521
vn 0.000000 -0.974928 -0.222521
vn 0.000000 -0.974928 -0.222521
vn 1.000000 0.000000 0.000000
vn 1.000000 0.000000 0.000000
vn 1.000000 0.000000 0.000000
vn 1.000000 0.000000 0.000000
vn 1.000000 0.000000 0.000000
vn 1.000000 0.000000 0.000000
vn 1.000000 0.000000 0.000000
vn 1.000000 0.000000 0.000000
vn 1.000000 0.000000 0.000000
vn 1.000000 0.000000 0.000000
vn 1.000000 0.000000 0.000000
vn 1.000000 0.000000 0.000000
vn 1.000000 0.000000 0.000000
vn 1.000000 0.000000 0.000000
vn 1.000000 0.000000 0.000000
vn 1.000000 0.000000 0.000000
vn 1.000000 -0.000011 0.000000
vn 1.000000 -0.000011 0.000000
vn 1.000000 -0.000011 0.000000
vn 1.000000 -0.000011 0.000000
vn 1.000000 0.000005 0.000000
vn 1.000000 0.000005 0.000000
vn 1.000000 0.000005 0.000000
vn 1.000000 0.000005 0.000000
vn 1.000000 0.000004 0.000000
vn 1.000000 0.000004 0.000000
vn 1.000000 0.000004 0.000000
vn 1.000000 0.000004 0.000000
vn 1.000000 0.000005 0.000000
vn 1.000000 0.000005 0.000000
vn 1.000000 0.000005 0.000000
vn 1.000000 0.000005 0.000000
vn 1.000000 0.000000 0.000000
vn 1.000000 0.000000 0.000000
vn 1.000000 0.000000 0.000000
vn 1.000000 0.000000 0.000000
vn 1.000000 0.000000 0.000000
vn 1.000000 0.000000 0.000000
vn 1.000000 0.000000 0.000000
vn 1.000000 0.000000 0.000000
vn 1.000000 0.000000 0.000000
vn 1.000000 0.000000 0.000000
vn 1.000000 0.000000 0.000000
vn 1.000000 0.000000 0.000000
vn 1.000000 0.000011 0.000000
vn 1.000000 0.000011 0.000000
vn 1.000000 0.000011 0.000000
vn 1.000000 0.000011 0.000000
vn 1.000000 -0.000005 0.000000
vn 1.000000 -0.000005 0.000000
vn 1.000000 -0.000005 0.000000
vn 1.000000 -0.000005 0.000000
vn 1.000000 0.000001 0.000000
vn 1.000000 0.000001 0.000000
vn 1.000000 0.000001 0.000000
vn 1.000000 0.000001 0.000000
vn 0.000000 0.781830 0.623492
vn 0.000000 0.781830 0.623492
vn 0.000000 0.781830 0.623492
vn 0.000000 0.781830 0.623492
vn 0.000000 0.433882 0.900970
vn 0.000000 0.433882 0.900970
vn 0.000000 0.433882 0.900970
vn 0.000000 0.433882 0.900970
vn 0.000000 0.000000 1.000000
vn 0.000000 0.000000 1.000000
vn 0.000000 0.000000 1.000000
vn 0.000000 0.000000 1.000000
vn 0.000000 -0.433884 0.900969
vn 0.000000 -0.433884 0.900969
vn 0.000000 -0.433884 0.900969
vn 0.000000 -0.433884 0.900969
vn 0.000000 -0.781835 0.623486
vn 0.000000 -0.781835 0.623486
vn 0.000000 -0.781835 0.623486
vn 0.000000 -0.781835 0.623486
vn 0.000000 -0.974926 0.222529
vn 0.000000 -0.974926 0.222529
vn 0.000000 -0.974926 0.222529
vn 0.000000 -0.974926 0.222529
vn 0.000000 -0.974926 -0.222529
vn 0.000000 -0.974926 -0.222529
vn 0.000000 -0.974926 -0.222529
vn 0.000000 -0.974926 -0.222529
vn 0.000000 -0.781834 -0.623486
vn 0.000000 -0.781834 -0.623486
vn 0.000000 -0.781834 -0.623486
vn 0.000000 -0.781834 -0.623486
vn 0.000000 -0.433885 -0.900969
vn 0.000000 -0.433885 -0.900969
vn 0.000000 -0.433885 -0.900969
vn 0.000000 -0.433885 -0.900969
vn 0.000000 0.000000 -1.000000
vn 0.000000 0.000000 -1.000000
vn 0.000000 0.000000 -1.000000
vn 0.000000 0.000000 -1.000000
vn 0.000000 0.433882 -0.900970
vn 0.000000 0.433882 -0.900970
vn 0.000000 0.433882 -0.900970
vn 0.000000 0.433882 -0.900970
vn 0.000000 0.781830 -0.623492
vn 0.000000 0.781830 -0.623492
vn 0.000000 0.781830 -0.623492
vn 0.000000 0.781830 -0.623492
vn 0.000000 0.974929 -0.222517
vn 0.000000 0.974929 -0.222517
vn 0.000000 0.974929 -0.222517
vn 0.000000 0.974929 -0.222517
vn 0.000000 0.974929 0.222517
vn 0.000000 0.974929 0.222517
vn 0.000000 0.974929 0.222517
vn 0.000000 0.974929 0.222517
vn 0.000000 0.000000 1.000000
vn 0.000000 0.000000 1.000000
vn 0.000000 0.000000 1.000000
vn 0.000000 0.000000 1.000000
vn -0.000000 0.000000 -1.000000
vn -0.000000 0.000000 -1.000000
vn -0.000000 0.000000 -1.000000
vn -0.000000 0.000000 -1.000000
vn -0.765519 -0.643413 0.000000
vn -0.379845 -0.925050 0.000000
vn -0.379845 -0.925050 0.000000
vn -0.765519 -0.643413 0.000000
vn 1.000000 -0.000009 0.000000
vn 1.000000 -0.000009 0.000000
vn 1.000000 -0.000009 0.000000
vn 1.000000 -0.000009 0.000000
vn -1.000000 0.000002 -0.000000
vn -1.000000 0.000002 -0.000000
vn -1.000000 0.000002 -0.000000
vn -1.000000 0.000002 -0.000000
vn -1.000000 0.000002 -0.000000
vn -1.000000 0.000002 -0.000000
vn -0.000000 0.000000 1.000000
vn -0.000000 0.000000 1.000000
vn 0.000000 0.000000 -1.000000
vn 0.000000 0.000000 -1.000000
vn 0.000000 -1.000000 0.000000
vn 0.000000 -1.000000 0.000000
vn -0.009834 0.999951 -0.001510
vn -0.009834 0.999951 -0.001510
vn -0.009834 0.999951 -0.001510
vn -0.009834 0.999951 -0.001510
vn -0.000000 0.000000 1.000000
vn -0.000000 0.000000 1.000000
vn 0.000000 0.000000 -1.000000
vn 0.000000 0.000000 -1.000000
vn 0.000001 -1.000000 -0.000000
vn 0.000001 -1.000000 -0.000000
vn 0.000001 -1.000000 -0.000000
vn 0.000001 -1.000000 -0.000000
vn 0.000001 -1.000000 -0.000000
vn 0.000001 -1.000000 0.000001
vn 0.000001 -1.000000 0.000001
vn 0.000001 -1.000000 0.000001
vn 0.000001 -1.000000 0.000001
vn 0.000001 -1.000000 0.000001
vn 0.001538 0.999950 0.009923
vn 0.001538 0.999950 0.009923
vn 0.001538 0.999950 0.009923
vn 0.001538 0.999950 0.009923
vn 0.000000 1.000000 0.000000
vn 0.000000 1.000000 0.000000
vn 0.000000 1.000000 0.000000
vn 0.000000 1.000000 0.000000
vn 0.000000 1.000000 0.000000
vn 0.000000 1.000000 0.000000
vn 0.000000 1.000000 0.000000
vn 0.000000 1.000000 0.000000
vn 0.004234 0.999991 0.000502
vn 0.004234 0.999991 0.000502
vn 0.004234 0.999991 0.000502
vn 0.004234 0.999991 0.000502
vn 0.000000 1.000000 0.000000
vn 0.000000 1.000000 0.000000
vn 0.000000 1.000000 0.000000
vn 0.000000 1.000000 0.000000
vn -0.001795 0.999964 -0.008249
vn -0.001795 0.999964 -0.008249
vn -0.001795 0.999964 -0.008249
vn -0.001795 0.999964 -0.008249
vn 0.006684 0.999978 0.000000
vn 0.006684 0.999978 0.000000
vn 0.006684 0.999978 0.000000
vn 0.006684 0.999978 0.000000
vn -1.000000 0.000002 0.000000
vn -1.000000 0.000002 0.000000
vn -1.000000 0.000002 0.000000
vn -1.000000 0.000002 0.000000
vn 1.000000 0.000000 0.000000
vn 1.000000 0.000000 0.000000
vn 1.000000 0.000000 0.000000
vn 1.000000 0.000000 0.000000
vn 0.000037 0.010735 0.999942
vn 0.000037 0.010735 0.999942
vn 0.000037 0.010735 0.999942
vn -0.089863 0.106105 0.990286
vn 0.089046 0.107494 0.990210
vn -0.081131 0.106671 0.990979
vn 0.100150 0.126314 0.986922
vn -0.000046 -0.010797 0.999942
vn 0.000061 -0.010779 0.999942
vn 0.002973 -0.007556 0.999967
vn 0.128613 -0.148467 0.980518
vn -0.106440 -0.126821 0.986198
vn 0.106574 -0.126726 0.986196
vn -0.115447 -0.126431 0.985235
vn -0.000046 -0.010797 0.999942
vn 0.000000 0.010635 0.999943
vn 0.000000 0.010635 0.999943
vn 0.000000 0.010635 0.999943
vn -0.098539 0.132948 0.986212
vn 0.098539 0.132947 0.986213
vn -0.098544 0.132948 0.986212
vn 0.176314 0.229444 0.957219
vn 0.000000 -0.010797 0.999942
vn 0.000000 -0.010797 0.999942
vn 0.110756 -0.135758 0.984532
vn -0.103452 -0.127451 0.986435
vn 0.103445 -0.127452 0.986436
vn -0.103445 -0.127451 0.986436
vn 0.000000 -0.010797 0.999942
vn 0.000000 0.010635 0.999943
vn 0.000000 0.010635 0.999943
vn 0.000000 0.010635 0.999943
vn -0.073415 0.095325 0.992735
vn 0.073416 0.095326 0.992735
vn -0.073416 0.095325 0.992735
vn 0.077810 0.100277 0.991912
vn -0.009565 0.000002 0.999954
vn -0.009565 0.000002 0.999954
vn -0.009565 0.000002 0.999954
vn -0.009565 0.000002 0.999954
vn -0.000000 -0.010797 0.999942
vn -0.000000 -0.010797 0.999942
vn 0.077209 -0.091601 0.992798
vn -0.074904 -0.089293 0.993185
vn 0.074903 -0.089292 0.993185
vn -0.074903 -0.089294 0.993185
vn -0.000000 -0.010797 0.999942
vn -0.000010 0.010607 -0.999944
vn -0.000010 0.010607 -0.999944
vn 0.098542 0.124933 -0.987259
vn -0.080301 0.105599 -0.991161
vn 0.088806 0.105029 -0.990496
vn -0.088116 0.106444 -0.990407
vn -0.000010 0.010607 -0.999944
vn 0.009565 0.000000 -0.999954
vn 0.009583 -0.000300 -0.999954
vn 0.003000 -0.007525 -0.999967
vn 0.128952 -0.147866 -0.980565
vn 0.000000 0.010633 -0.999944
vn 0.000000 0.010633 -0.999944
vn 0.174942 0.231886 -0.956883
vn -0.097459 0.133884 -0.986193
vn 0.097465 0.133894 -0.986191
vn -0.097453 0.133878 -0.986194
vn 0.000000 0.010633 -0.999944
vn 0.000000 -0.010793 -0.999942
vn 0.000000 -0.010793 -0.999942
vn 0.000000 -0.010793 -0.999942
vn -0.102390 -0.128439 -0.986418
vn 0.102390 -0.128434 -0.986418
vn -0.102398 -0.128442 -0.986416
vn 0.109959 -0.137233 -0.984417
vn 0.000000 0.010633 -0.999944
vn 0.000000 0.010633 -0.999944
vn 0.077832 0.098422 -0.992096
vn -0.074028 0.094293 -0.992788
vn 0.074037 0.094307 -0.992786
vn -0.074028 0.094295 -0.992788
vn 0.000000 0.010633 -0.999943
vn 0.000000 -0.010796 -0.999942
vn 0.000000 -0.010796 -0.999942
vn 0.000000 -0.010796 -0.999942
vn -0.075464 -0.088275 -0.993234
vn 0.075465 -0.088275 -0.993234
vn -0.075466 -0.088277 -0.993233
vn 0.077327 -0.090022 -0.992933
vn -0.009563 0.000001 -0.999954
vn -0.009563 0.000001 -0.999954
vn -0.009563 0.000001 -0.999954
vn -0.009563 0.000001 -0.999954
vn -0.598325 0.538421 -0.593388
vn 0.543267 0.609145 -0.577758
vn 0.586676 -0.579984 -0.565181
vn -0.557913 -0.602979 -0.570219
vn -0.574988 0.565196 0.591559
vn -0.578847 -0.606214 0.545381
vn 0.578843 -0.606215 0.545385
vn 0.574985 0.565196 0.591562
vn -0.582270 0.560811 -0.588602
vn 0.582274 0.560814 -0.588596
vn 0.586198 -0.601529 -0.542711
vn -0.586196 -0.601524 -0.542718
vn -0.543923 0.610290 0.575929
vn -0.582878 -0.584668 0.564285
vn 0.559626 -0.599913 0.571772
vn 0.595939 0.543118 0.591505
vn -0.565567 0.573518 0.592630
vn -0.565163 -0.611725 0.553519
vn 0.568664 -0.607535 0.554548
vn 0.562081 0.577653 0.591931
vn -0.565901 0.569444 -0.596230
vn 0.565920 0.568974 -0.596660
vn 0.570861 -0.605906 -0.554073
vn -0.568317 -0.609400 -0.552854
vn -0.107203 -0.126538 -0.986152
vn 0.114958 -0.126060 -0.985339
vn -0.107447 -0.126783 -0.986094
vn -0.548835 0.580373 0.601621
vn -0.552454 -0.622380 0.554471
vn 0.552455 -0.622384 0.554465
vn 0.548840 0.580369 0.601620
vn -0.548848 0.580355 0.601626
vn -0.552435 -0.622414 0.554452
vn 0.552474 -0.622365 0.554467
vn 0.548826 0.580367 0.601635
vn -0.542194 0.584075 -0.604055
vn 0.542184 0.584081 -0.604058
vn 0.545738 -0.626338 -0.556661
vn -0.545736 -0.626345 -0.556654
vn -0.542196 0.584067 -0.604060
vn 0.542171 0.584080 -0.604071
vn 0.545758 -0.626325 -0.556656
vn -0.545722 -0.626372 -0.556638
vn 0.000000 0.000003 1.000000
vn 0.000000 0.000003 1.000000
vn -0.574989 0.565198 0.591557
vn -0.578853 -0.606209 0.545381
vn 0.578842 -0.606215 0.545386
vn 0.574987 0.565198 0.591558
vn -0.582282 0.560800 -0.588601
vn 0.582271 0.560819 -0.588594
vn 0.586202 -0.601521 -0.542715
vn -0.586190 -0.601537 -0.542711
vn 0.000000 0.000003 -1.000000
vn 0.000000 0.000003 -1.000000
vn 0.311027 -0.950401 0.000001
vn 0.311027 -0.950401 0.000001
vn 0.284407 -0.958704 0.000001
vn 0.284406 -0.958704 0.000001
vn 0.000000 0.000000 -1.000000
vn 0.000000 0.000000 -1.000000
vn 0.000000 0.000000 -1.000000
vn 0.000000 0.000000 -1.000000
vn -0.255882 0.966707 -0.001257
vn -0.255882 0.966707 -0.001257
vn -0.189446 0.981891 -0.000931
vn -0.189446 0.981891 -0.000931
vn 0.000000 0.000000 1.000000
vn 0.000000 0.000000 1.000000
vn -0.000000 0.000000 1.000000
vn -0.000000 0.000000 1.000000
vn 0.209611 -0.977785 0.000000
vn 0.209611 -0.977785 0.000000
vn -0.000000 0.000000 1.000000
vn -0.000000 0.000000 1.000000
vn -0.000002 1.000000 0.000000
vn -0.000002 1.000000 0.000000
vn 0.000000 0.000000 -1.000000
vn 0.000000 0.000000 -1.000000
vn 0.000001 -1.000000 0.000001
vn 0.000001 -1.000000 0.000001
vn 0.000001 -1.000000 0.000001
vn 0.000001 -1.000000 0.000001
vn 0.000001 -1.000000 0.000000
vn 0.000001 -1.000000 0.000000
vn 0.000001 -1.000000 0.000000
vn 0.000001 -1.000000 0.000000
vn 0.000001 -1.000000 0.000000
vn 0.000001 -1.000000 -0.000001
vn 0.000001 -1.000000 -0.000001
vn 0.000001 -1.000000 -0.000001
vn 0.000001 -1.000000 -0.000001
vn 0.000001 -1.000000 -0.000001
vn 0.000000 -1.000000 -0.000000
vn 0.000000 -1.000000 -0.000000
vn 0.000000 -1.000000 -0.000000
vn 0.000000 -1.000000 -0.000000
vn 0.000000 -1.000000 -0.000000
vn 0.000000 -1.000000 -0.000000
vn -0.693413 -0.016904 0.720342
vn -0.693413 -0.016904 0.720342
vn -0.693413 -0.016904 0.720342
vn -0.693413 -0.016904 0.720342
vn -0.391075 0.566981 0.724977
vn -0.391075 0.566981 0.724977
vn -0.116941 0.678235 0.725480
vn -0.130095 0.674325 0.726884
vn -0.695599 -0.017994 -0.718204
vn -0.695600 -0.017994 -0.718204
vn -0.695599 -0.017994 -0.718204
vn -0.695599 -0.017994 -0.718204
vn -0.391076 0.566983 -0.724976
vn -0.391076 0.566983 -0.724976
vn -0.130096 0.674326 -0.726883
vn -0.116942 0.678236 -0.725479
vn 0.654466 0.000001 0.756091
vn 0.654466 0.000001 0.756091
vn 0.650415 0.025133 0.759164
vn 0.650295 0.025836 0.759242
vn 0.638468 0.087634 0.764643
vn 0.638468 0.087634 0.764643
vn -0.000000 0.707107 0.707107
vn -0.000000 0.707107 0.707107
vn 0.654467 0.000001 -0.756090
vn 0.654467 0.000001 -0.756090
vn 0.650296 0.025836 -0.759241
vn 0.650416 0.025133 -0.759163
vn 0.638469 0.087634 -0.764642
vn 0.638469 0.087634 -0.764642
vn -0.000000 0.707107 -0.707106
vn -0.000000 0.707107 -0.707106
vn -0.639317 0.088089 0.763881
vn -0.639317 0.088089 0.763881
vn -0.639317 0.088089 0.763881
vn -0.639317 0.088089 0.763881
vn -0.648747 0.093194 -0.755276
vn -0.648747 0.093194 -0.755276
vn -0.648747 0.093194 -0.755276
vn -0.648747 0.093194 -0.755276
vn -0.000000 0.707108 -0.707106
vn -0.000000 0.707108 -0.707106
vn -0.000000 0.707108 -0.707106
vn -0.000000 0.707108 -0.707106
vn -0.597611 0.801785 -0.001305
vn -0.597611 0.801785 -0.001305
vn -0.597611 0.801785 -0.001305
vn -0.597611 0.801785 -0.001305
vn -0.003658 0.696958 0.717103
vn -0.003658 0.696958 0.717103
vn -0.003658 0.696958 0.717103
vn -0.003658 0.696958 0.717103
vn 0.597287 0.802027 -0.001261
vn 0.597287 0.802027 -0.001261
vn 0.597287 0.802027 -0.001261
vn 0.597287 0.802027 -0.001261
vn -0.567784 0.823178 0.000000
vn -0.567784 0.823178 0.000000
vn -0.567784 0.823178 0.000000
vn -0.567784 0.823178 0.000000
vn -0.998716 -0.050659 -0.000536
vn -0.998716 -0.050659 -0.000536
vn -0.998716 -0.050659 -0.000536
vn -0.998716 -0.050659 -0.000536
vn -0.998716 -0.050659 -0.000536
vn -0.998716 -0.050659 -0.000536
vn -0.000000 0.000000 1.000000
vn -0.000000 0.000000 1.000000
vn -0.000000 0.000000 1.000000
vn -0.000000 0.000000 1.000000
vn 0.999112 0.042135 0.000000
vn 1.000000 0.000002 0.000000
vn 1.000000 0.000002 0.000000
vn 0.999112 0.042135 0.000000
vn 0.000000 0.000000 -1.000000
vn 0.000000 0.000000 -1.000000
vn 0.000000 0.000000 -1.000000
vn 0.000000 0.000000 -1.000000
vn 0.000000 0.000000 1.000000
vn -0.000000 0.000000 1.000000
vn -0.000000 0.000000 1.000000
vn -0.000001 1.000000 0.000000
vn -0.000001 1.000000 0.000000
vn -0.000001 1.000000 0.000000
vn -0.000001 1.000000 0.000000
vn -0.000000 0.000000 -1.000000
vn -0.000000 0.000000 -1.000000
vn -0.000000 0.000000 -1.000000
vn -0.000000 1.000000 0.000000
vn -0.000000 1.000000 0.000000
vn -0.000000 1.000000 0.000000
vn -0.000000 1.000000 0.000000
vn -0.989840 0.142186 -0.000000
vn -0.989840 0.142186 -0.000000
vn -0.989840 0.142186 -0.000000
vn -0.989840 0.142186 -0.000000
vn -0.000000 0.000000 1.000000
vn -0.000000 0.000000 1.000000
vn 0.989839 0.142194 0.000000
vn 0.989839 0.142194 0.000000
vn 0.000000 0.000000 -1.000000
vn 0.000000 0.000000 -1.000000
vn -0.000021 1.000000 -0.000025
vn -0.000021 1.000000 -0.000025
vn -0.000021 1.000000 -0.000025
vn -0.000026 1.000000 0.000030
vn -0.000026 1.000000 0.000030
vn -0.000026 1.000000 0.000030
vn -0.494670 0.646956 -0.580302
vn -0.494670 0.646956 -0.580302
vn -0.494669 0.646956 -0.580302
vn -0.452983 0.660178 0.599142
vn -0.452983 0.660178 0.599142
vn -0.452983 0.660178 0.599142
vn 0.474935 0.621151 0.623385
vn 0.474935 0.621151 0.623385
vn 0.474935 0.621151 0.623385
vn 0.452981 0.660176 -0.599146
vn 0.452981 0.660176 -0.599146
vn 0.452981 0.660176 -0.599146
vn 0.009583 -0.000303 0.999954
vn 0.009564 0.000002 0.999954
vn 0.000060 -0.010778 -0.999942
vn -0.000046 -0.010796 -0.999942
vn -0.000046 -0.010796 -0.999942
vn -0.651566 0.758592 0.000000
vn -0.651566 0.758592 0.000000
vn -0.651566 0.758592 0.000000
vn -0.651566 0.758592 0.000000
vn 0.010115 -0.009059 0.999908
vn 0.010113 -0.009059 -0.999908
vn 0.995718 -0.090057 0.020884
vn 0.995718 -0.085132 0.036039
vn 0.995769 -0.083606 0.038147
vn 0.995768 -0.090061 0.018282
vn 0.000000 -0.081065 0.996709
vn 0.000000 0.081065 0.996709
vn 0.000000 0.081065 0.996709
vn 0.000000 -0.081065 0.996709
vn 0.000000 0.972977 0.230904
vn -0.000000 0.972977 -0.230903
vn -0.000000 0.972977 -0.230903
vn 0.000000 0.972977 0.230904
vn 0.995718 -0.060582 0.069831
vn 0.995768 -0.062115 0.067729
vn 0.995717 0.060583 -0.069831
vn 0.995718 0.047691 -0.079197
vn 0.995768 0.045217 -0.080006
vn 0.995768 0.062117 -0.067729
vn 0.000000 0.922876 0.385098
vn 0.000000 0.922876 0.385098
vn 0.000000 0.520268 0.854003
vn 0.000000 0.520268 0.854003
vn 0.000000 0.651433 0.758706
vn 0.000000 0.651433 0.758706
vn 0.995718 -0.047691 0.079197
vn 0.995768 -0.045217 0.080006
vn 0.995717 0.085135 -0.036039
vn 0.995768 0.083609 -0.038147
vn 0.995717 0.090058 -0.020884
vn 0.995768 0.090063 -0.018282
vn 0.995717 -0.007967 0.092105
vn 0.995768 -0.010443 0.091305
vn 0.995717 0.007968 0.092105
vn 0.995768 0.010445 0.091305
vn 0.995717 0.090060 0.020885
vn 0.995768 0.090064 0.018282
vn 0.000000 -0.905433 -0.424490
vn 0.000000 -0.683508 -0.729943
vn 0.000000 -0.683508 -0.729943
vn 0.000000 -0.905433 -0.424490
vn 0.000000 -0.483001 -0.875620
vn 0.000000 -0.483001 -0.875620
vn 0.000000 -0.123920 -0.992292
vn 0.000000 -0.123920 -0.992292
vn 0.000000 -0.982020 -0.188780
vn 0.000000 -0.982020 -0.188780
vn 0.995717 0.085135 0.036039
vn 0.995768 0.083609 0.038147
vn 0.995717 0.047692 0.079198
vn 0.995768 0.045219 0.080006
vn 0.995718 0.060582 0.069831
vn 0.995768 0.062115 0.067729
vn 0.000000 -0.982019 0.188780
vn 0.000000 -0.982019 0.188780
vn 0.000000 0.123920 -0.992292
vn 0.000000 0.123920 -0.992292
vn 0.000000 0.483002 -0.875620
vn 0.000000 0.483002 -0.875620
vn 0.000000 -0.905433 0.424490
vn 0.000000 -0.905433 0.424490
vn 0.000000 -0.683508 0.729943
vn 0.000000 -0.683508 0.729943
vn 0.000000 0.683508 -0.729943
vn 0.000000 0.683508 -0.729943
vn 0.000000 -0.483001 0.875620
vn 0.000000 -0.483001 0.875620
vn 0.000000 0.905432 -0.424491
vn 0.000000 0.905432 -0.424491
vn 0.037732 -0.972079 -0.231598
vn -0.039084 -0.971999 -0.231710
vn -0.039084 -0.922560 -0.383868
vn 0.037732 -0.922559 -0.384006
vn 0.000000 0.982019 -0.188780
vn 0.000000 0.982019 -0.188780
vn 0.000000 -0.123920 0.992292
vn 0.000000 -0.123920 0.992292
vn 0.000000 0.123920 0.992292
vn 0.000000 0.123920 0.992292
vn 0.000000 0.982019 0.188781
vn 0.000000 0.982019 0.188781
vn 0.037733 -0.922559 0.384007
vn -0.039084 -0.922560 0.383870
vn -0.039084 -0.971999 0.231711
vn 0.037733 -0.972079 0.231600
vn 0.000000 0.905432 0.424490
vn 0.000000 0.905432 0.424490
vn 0.000000 0.483001 0.875620
vn 0.000000 0.483001 0.875620
vn 0.000000 0.683508 0.729943
vn 0.000000 0.683508 0.729943
vn -0.402369 -0.844558 -0.353300
vn -0.402369 -0.596992 -0.694046
vn -0.039084 -0.650168 -0.758785
vn -0.402369 -0.475596 -0.782245
vn -0.039641 -0.523621 -0.851029
vn 1.000000 -0.000001 0.000000
vn 1.000000 0.000001 0.000000
vn 1.000000 0.000002 0.000000
vn 1.000000 -0.000002 0.000000
vn 1.000000 0.000001 0.000000
vn 1.000000 0.000002 0.000000
vn -0.402369 -0.075026 -0.912398
vn -0.103778 -0.200544 -0.974173
vn -0.999557 -0.027190 -0.012124
vn -0.999557 -0.019934 -0.022112
vn -0.999562 -0.020471 -0.021373
vn -0.999562 -0.026653 -0.012863
vn 1.000000 0.000000 0.000000
vn 1.000000 0.000000 0.000000
vn -0.999557 -0.014871 -0.025790
vn -0.999562 -0.014002 -0.026072
vn 1.000000 0.000002 0.000000
vn 1.000000 0.000001 0.000000
vn -0.402369 -0.890927 -0.210591
vn -0.999557 -0.003128 -0.029605
vn -0.999562 -0.003997 -0.029323
vn -0.999557 -0.029122 -0.006173
vn -0.999562 -0.029122 -0.005260
vn -0.000000 -0.892811 -0.450432
vn -0.000000 -0.704281 -0.709921
vn -0.000000 -0.704281 -0.709922
vn -0.000000 -0.892811 -0.450432
vn -0.000000 -0.457541 -0.889188
vn -0.000000 -0.457542 -0.889188
vn 1.000000 0.000002 0.000000
vn 1.000000 0.000001 0.000000
vn 1.000000 -0.000002 0.000000
vn 1.000000 -0.000001 0.000000
vn -0.000000 -0.152493 -0.988305
vn -0.000000 -0.152494 -0.988305
vn 0.000000 -0.987057 -0.160373
vn 0.000000 -0.987057 -0.160373
vn -0.402368 -0.890927 0.210591
vn -0.402369 0.075026 -0.912398
vn -0.124146 0.178405 -0.976094
vn -0.999557 -0.029120 0.006173
vn -0.999562 -0.029121 0.005260
vn -0.999557 0.003128 -0.029605
vn -0.999562 0.003997 -0.029323
vn 0.000000 -0.987056 0.160373
vn 0.000000 -0.987056 0.160373
vn -0.000000 0.152493 -0.988305
vn -0.000000 0.152493 -0.988305
vn 1.000000 -0.000002 0.000000
vn 1.000000 -0.000001 0.000000
vn 1.000000 -0.000003 0.000000
vn 1.000000 -0.000003 0.000000
vn 0.000000 0.457541 -0.889188
vn 0.000000 0.457541 -0.889188
vn 0.000000 -0.892810 0.450433
vn 0.000000 -0.892810 0.450433
vn -0.999557 0.014871 -0.025790
vn -0.999562 0.014002 -0.026072
vn -0.999557 -0.027187 0.012124
vn -0.999562 -0.026650 0.012863
vn 0.000000 0.214065 -0.976819
vn 0.000000 -0.235001 -0.971995
vn -0.402369 0.475596 -0.782245
vn -0.042243 0.537063 -0.842483
vn -0.402369 -0.844558 0.353300
vn 1.000000 -0.000002 0.000000
vn 1.000000 -0.000001 0.000000
vn 1.000000 0.000002 0.000000
vn 1.000000 0.000001 0.000000
vn 0.037733 0.972079 0.231600
vn -0.039084 0.971999 0.231711
vn -0.039084 0.922560 0.383870
vn 0.037733 0.922559 0.384008
vn 0.000000 -0.704280 0.709922
vn 0.000000 -0.704280 0.709922
vn 0.000000 0.704281 -0.709921
vn 0.000000 0.704281 -0.709921
vn -0.999557 -0.019933 0.022112
vn -0.999562 -0.020470 0.021373
vn -0.999557 0.019933 -0.022112
vn -0.999562 0.020470 -0.021373
vn 1.000000 0.000002 0.000000
vn 1.000000 0.000001 0.000000
vn 1.000000 0.000000 0.000000
vn 1.000000 -0.000000 0.000000
vn -0.402369 -0.596991 0.694047
vn -0.039084 -0.650168 0.758785
vn -0.402369 0.596992 -0.694046
vn -0.039084 0.650167 -0.758785
vn 0.000000 -0.457540 0.889189
vn 0.000000 -0.457540 0.889189
vn 0.000000 0.892810 -0.450433
vn 0.000000 0.892810 -0.450433
vn 1.000000 0.000000 0.000000
vn 1.000000 0.000000 0.000000
vn 1.000000 0.000000 0.000000
vn -0.999557 -0.014871 0.025790
vn -0.999562 -0.014002 0.026072
vn -0.999557 0.027190 -0.012124
vn -0.999562 0.026652 -0.012863
vn 1.000000 -0.000003 0.000000
vn 1.000000 -0.000003 0.000000
vn 1.000000 0.000002 0.000000
vn 1.000000 0.000001 0.000000
vn 1.000000 -0.000001 0.000000
vn 1.000000 -0.000000 0.000000
vn 1.000000 -0.000001 0.000000
vn 0.000000 0.987056 -0.160374
vn 0.000000 0.987056 -0.160374
vn 0.000000 -0.152493 0.988305
vn 0.000000 -0.152493 0.988305
vn 1.000000 0.000000 0.000000
vn 1.000000 0.000000 0.000000
vn 1.000000 0.000000 0.000000
vn 0.000000 -0.309025 0.951054
vn 0.000000 -0.309025 0.951054
vn 0.000000 -0.309025 0.951054
vn 0.000000 -0.309025 0.951054
vn 1.000000 -0.000002 0.000000
vn 1.000000 -0.000001 0.000000
vn 1.000000 -0.000003 0.000000
vn 1.000000 -0.000003 0.000000
vn -0.402369 -0.475596 0.782245
vn -0.039641 -0.523622 0.851028
vn -0.402369 0.844558 -0.353301
vn -0.039084 0.922560 -0.383869
vn 0.000000 0.152493 0.988304
vn 0.000000 0.152493 0.988304
vn 0.000000 0.987056 0.160374
vn 0.000000 0.987056 0.160374
vn -0.999557 0.029122 -0.006173
vn -0.999562 0.029122 -0.005260
vn -0.999557 -0.003128 0.029605
vn -0.999562 -0.003997 0.029323
vn 1.000000 0.000000 0.000000
vn 1.000000 -0.000001 0.000000
vn 1.000000 -0.000001 0.000000
vn 1.000000 -0.000001 0.000000
vn 1.000000 -0.000002 0.000000
vn 1.000000 -0.000000 0.000000
vn 1.000000 0.000000 0.000000
vn 0.000000 0.892810 0.450433
vn 0.000000 0.892810 0.450433
vn 0.000000 0.457541 0.889188
vn 0.000000 0.457541 0.889188
vn 1.000000 0.000000 0.000000
vn 1.000000 0.000000 0.000000
vn 1.000000 0.000000 0.000000
vn 1.000000 0.000001 0.000000
vn 1.000000 0.000002 0.000000
vn 0.000000 0.704281 0.709921
vn 0.000000 0.704281 0.709921
vn -0.999557 0.003130 0.029605
vn -0.999562 0.004000 0.029323
vn -0.999557 0.029120 0.006173
vn -0.999562 0.029120 0.005260
vn 1.000000 -0.000001 0.000000
vn 1.000000 0.000000 0.000000
vn 1.000000 -0.000001 0.000000
vn -0.402368 0.890927 -0.210592
vn -0.039084 0.971999 -0.231711
vn -0.402369 -0.075027 0.912398
vn -0.103779 -0.200543 0.974173
vn 0.037732 -0.650298 -0.758741
vn -0.999557 0.027188 0.012124
vn -0.999562 0.026651 0.012863
vn 0.038258 -0.523474 -0.851182
vn -0.999557 0.014873 0.025790
vn -0.999562 0.014005 0.026072
vn -0.999557 0.019933 0.022112
vn -0.999562 0.020470 0.021373
vn 1.000000 0.000000 0.000000
vn 1.000000 0.000000 0.000000
vn 1.000000 0.000000 0.000000
vn 1.000000 0.000001 0.000000
vn 1.000000 -0.000001 0.000000
vn 1.000000 -0.000000 0.000000
vn -0.402369 0.075027 0.912398
vn -0.124146 0.178405 0.976094
vn -0.402368 0.890927 0.210592
vn 1.000000 0.000000 0.000000
vn 1.000000 0.000002 0.000000
vn 1.000000 0.000001 0.000000
vn 0.000000 -0.309022 -0.951055
vn 0.000000 -0.309022 -0.951055
vn 0.000000 -0.309022 -0.951055
vn 0.000000 -0.309022 -0.951055
vn 1.000000 0.000002 0.000000
vn 1.000000 0.000001 0.000000
vn 1.000000 0.000002 0.000000
vn 0.000000 1.000000 0.000000
vn 0.000000 1.000000 0.000000
vn 0.000000 1.000000 0.000000
vn 0.000000 1.000000 0.000000
vn -0.402368 0.844558 0.353301
vn -0.402369 0.475597 0.782245
vn -0.042243 0.537064 0.842483
vn -0.402369 0.596992 0.694046
vn -0.039084 0.650168 0.758785
vn 0.000000 -0.235001 0.971995
vn 0.000000 0.214065 0.976820
vn 0.000000 -1.000000 0.000000
vn 0.000000 -1.000000 0.000000
vn 0.000000 -1.000000 0.000000
vn 0.000000 -1.000000 0.000000
vn 0.000000 0.809017 0.587786
vn 0.000000 0.809017 0.587786
vn 0.000000 0.809017 0.587786
vn 0.000000 0.809017 0.587786
vn 0.037733 -0.650298 0.758741
vn 0.037733 0.650298 -0.758742
vn 0.040710 0.536593 -0.842859
vn 0.000000 1.000000 -0.000001
vn 0.000000 1.000000 -0.000001
vn 0.000000 1.000000 -0.000001
vn 0.000000 1.000000 -0.000001
vn 0.000000 0.809016 -0.587786
vn 0.000000 0.809016 -0.587786
vn 0.000000 0.809016 -0.587786
vn 0.000000 0.809016 -0.587786
vn 0.038258 -0.523475 0.851182
vn 0.037732 0.922559 -0.384006
vn 0.000000 1.000000 0.000000
vn 0.000000 1.000000 0.000000
vn 0.000000 1.000000 0.000000
vn 0.000000 1.000000 0.000000
vn 0.037732 0.972079 -0.231599
vn 0.000000 0.215764 -0.976445
vn 0.115057 0.173272 -0.978130
vn 0.097154 -0.195061 -0.975967
vn -0.000000 -0.236451 -0.971644
vn 0.000000 -1.000000 0.000000
vn 0.000000 -1.000000 0.000000
vn 0.000000 -1.000000 0.000000
vn 0.000000 -1.000000 0.000000
vn 0.326938 -0.616733 -0.716067
vn 0.326938 -0.871601 -0.365271
vn 0.326938 -0.490439 -0.807825
vn 0.326939 -0.078055 -0.941817
vn 0.326938 -0.919841 -0.216803
vn 0.000000 -1.000000 0.000000
vn 0.000000 -1.000000 0.000000
vn 0.000000 -1.000000 0.000000
vn 0.000000 -1.000000 0.000000
vn 0.326938 -0.919841 0.216806
vn 0.326939 0.078054 -0.941817
vn 0.040710 0.536593 0.842858
vn 0.037733 0.650298 0.758741
vn 0.326939 0.490438 -0.807825
vn 0.326938 -0.871601 0.365273
vn 0.000000 -0.309025 0.951054
vn 0.000000 -0.309025 0.951054
vn 0.000000 -0.309025 0.951054
vn 0.000000 -0.309025 0.951054
vn 0.326938 -0.616733 0.716067
vn 0.326939 0.616732 -0.716068
vn 0.326938 -0.490439 0.807825
vn 0.326938 0.871601 -0.365271
vn 0.000000 -0.309021 -0.951055
vn 0.000000 -0.309021 -0.951055
vn 0.000000 -0.309021 -0.951055
vn 0.000000 -0.309021 -0.951055
vn 0.000000 -0.236450 0.971644
vn 0.097154 -0.195060 0.975968
vn 0.115057 0.173272 0.978130
vn 0.000000 0.215764 0.976445
vn 0.326939 0.919841 -0.216803
vn 0.326938 -0.078054 0.941817
vn 0.326939 0.078054 0.941817
vn 0.326939 0.919841 0.216806
vn 0.326939 0.871600 0.365273
vn 0.326938 0.490439 0.807825
vn 0.326938 0.616733 0.716067
vn 1.000000 0.000000 0.000000
vn 1.000000 0.000000 0.000000
vn 1.000000 0.000000 0.000000
vn 1.000000 0.000000 0.000000
vn 1.000000 0.000000 0.000000
vn 1.000000 0.000000 0.000000
vn 1.000000 0.000000 0.000000
vn 1.000000 0.000000 0.000000
vn 0.000000 -0.309017 -0.951057
vn 0.000000 -0.309017 -0.951057
vn 1.000000 0.000000 0.000000
vn 1.000000 0.000000 0.000000
vn 1.000000 0.000000 0.000000
vn 1.000000 0.000000 0.000000
vn 1.000000 0.000000 0.000000
vn 1.000000 0.000000 0.000000
vn 1.000000 0.000000 0.000000
vn 1.000000 0.000000 0.000000
vn 0.000000 0.309017 -0.951056
vn 0.000000 0.309017 -0.951056
vn 0.000000 0.309023 0.951055
vn 0.000000 0.309023 0.951055
vn 0.000000 0.309023 0.951055
vn 0.000000 0.309023 0.951055
vn 0.000000 0.309023 0.951055
vn 0.000000 0.309023 0.951055
vn 0.000000 0.309023 0.951055
vn 0.000000 0.309023 0.951055
vn 0.000000 -0.809016 0.587787
vn 0.000000 -0.809016 0.587787
vn 0.000000 -0.809016 0.587787
vn 0.000000 -0.809016 0.587787
vn 0.000000 -0.809016 0.587787
vn 0.000000 -0.809016 0.587787
vn 0.000000 -0.809016 0.587787
vn 0.000000 -0.809016 0.587787
vn 0.000000 0.309023 -0.951055
vn 0.000000 0.309023 -0.951055
vn 0.000000 0.309023 -0.951055
vn 0.000000 0.309023 -0.951055
vn 0.000000 0.309023 -0.951055
vn 0.000000 0.309023 -0.951055
vn 0.000000 0.309023 -0.951055
vn 0.000000 0.309023 -0.951055
vn 0.000000 -0.309017 0.951057
vn 0.000000 -0.309017 0.951057
vn -1.000000 -0.000001 0.000000
vn -1.000000 -0.000001 0.000000
vn -1.000000 -0.000001 0.000000
vn -1.000000 -0.000001 0.000000
vn -1.000000 -0.000001 0.000000
vn -1.000000 -0.000001 0.000000
vn -1.000000 -0.000001 0.000000
vn -1.000000 -0.000001 0.000000
vn 0.000000 -0.809018 -0.587784
vn 0.000000 -0.809018 -0.587784
vn 0.000000 -0.809018 -0.587784
vn 0.000000 -0.809018 -0.587784
vn 0.000000 -0.809018 -0.587784
vn 0.000000 -0.809018 -0.587784
vn 0.000000 -0.809018 -0.587784
vn 0.000000 -0.809018 -0.587784
vn 1.000000 0.000001 0.000000
vn 1.000000 0.000001 0.000000
vn 1.000000 0.000001 0.000000
vn 1.000000 0.000001 0.000000
vn 1.000000 0.000001 0.000000
vn 1.000000 0.000001 0.000000
vn 1.000000 0.000001 0.000000
vn 1.000000 0.000001 0.000000
vn 1.000000 0.000001 0.000000
vn 1.000000 0.000001 0.000000
vn 0.000000 0.309017 0.951057
vn 0.000000 0.309017 0.951057
vn -1.000000 0.000001 0.000000
vn -1.000000 0.000001 0.000000
vn -1.000000 0.000001 0.000000
vn -1.000000 0.000001 0.000000
vn -1.000000 0.000001 0.000000
vn -1.000000 0.000001 0.000000
vn -1.000000 0.000001 0.000000
vn -1.000000 0.000001 0.000000
vn 0.995717 0.007967 -0.092105
vn 0.995768 0.010443 -0.091305
vn -0.000000 -0.520268 0.854003
vn -0.000000 -0.520268 0.854003
vn -0.000000 0.922876 -0.385097
vn -0.000000 0.922876 -0.385097
vn 0.995717 -0.007968 -0.092105
vn 0.995768 -0.010445 -0.091305
vn 0.995718 -0.090058 -0.020884
vn 0.995768 -0.090063 -0.018282
vn -0.000001 0.520267 0.854003
vn -0.000001 0.520268 0.854003
vn -0.000001 0.651433 0.758707
vn -0.000001 0.651433 0.758707
vn 1.000000 0.000000 0.000000
vn 1.000000 0.000000 0.000000
vn 1.000000 0.000000 0.000000
vn 1.000000 0.000000 0.000000
vn 1.000000 0.000003 0.000000
vn 1.000000 0.000003 0.000000
vn 1.000000 0.000003 0.000000
vn 1.000000 0.000003 0.000000
vn 0.995718 -0.085133 -0.036039
vn 0.995768 -0.083607 -0.038147
vn -0.000000 0.651433 -0.758706
vn -0.000000 0.651433 -0.758706
vn -0.000000 -0.651433 0.758706
vn -0.000000 -0.651433 0.758706
vn 0.995717 -0.047694 -0.079197
vn 0.995768 -0.045221 -0.080006
vn 1.000000 0.000007 0.000000
vn 1.000000 0.000007 0.000000
vn 1.000000 0.000007 0.000000
vn 1.000000 0.000007 0.000000
vn 0.000000 0.972977 0.230903
vn 0.000000 0.972977 0.230903
vn -0.000000 0.972977 -0.230903
vn -0.000000 0.972977 -0.230903
vn 1.000000 -0.000001 0.000000
vn 1.000000 -0.000001 0.000000
vn 1.000000 -0.000001 0.000000
vn 1.000000 -0.000001 0.000000
vn 0.995717 -0.060584 -0.069831
vn 0.995768 -0.062116 -0.067729
vn 0.000000 0.922876 0.385098
vn 0.000000 0.922876 0.385097
vn 0.000000 0.922876 -0.385097
vn 0.000000 0.922876 -0.385097
vn 1.000000 0.000001 0.000000
vn 1.000000 0.000001 0.000000
vn 1.000000 0.000001 0.000000
vn 1.000000 0.000001 0.000000
vn -0.000001 0.081065 0.996709
vn -0.000001 0.081065 0.996709
vn 1.000000 0.000000 0.000000
vn 1.000000 0.000000 0.000000
vn 1.000000 0.000000 0.000000
vn 1.000000 0.000000 0.000000
vn -0.000000 0.520268 -0.854003
vn -0.000000 0.520268 -0.854003
vn -0.000000 -0.922876 0.385096
vn -0.000000 -0.922876 0.385097
vn -1.000000 0.000000 0.000000
vn -1.000000 0.000000 0.000000
vn -1.000000 0.000000 0.000000
vn -1.000000 0.000000 0.000000
vn -1.000000 -0.000001 0.000000
vn -1.000000 -0.000000 0.000000
vn -1.000000 0.000000 0.000000
vn -1.000000 0.000000 0.000000
vn -1.000000 0.000000 0.000000
vn 0.000000 -0.651432 0.758707
vn 0.000000 -0.651432 0.758707
vn -0.000000 -0.520267 0.854004
vn -0.000000 -0.520267 0.854004
vn -0.000001 -0.081065 0.996709
vn -0.000001 -0.081065 0.996709
vn 1.000000 0.000000 0.000000
vn 1.000000 0.000000 0.000000
vn 1.000000 0.000000 0.000000
vn 1.000000 0.000000 0.000000
vn 1.000000 0.000000 0.000000
vn 1.000000 0.000000 0.000000
vn 1.000000 0.000000 0.000000
vn 1.000000 0.000000 0.000000
vn -1.000000 0.000004 0.000000
vn -1.000000 0.000004 0.000000
vn -1.000000 0.000004 0.000000
vn -1.000000 0.000004 0.000000
vn -1.000000 -0.000001 0.000000
vn -1.000000 0.000002 0.000000
vn -1.000000 0.000000 0.000000
vn -0.000000 0.651433 -0.758706
vn -0.000000 0.651433 -0.758706
vn -0.000000 0.520268 -0.854003
vn -0.000000 0.520268 -0.854003
vn -0.000000 -0.972977 0.230902
vn -0.000000 -0.972977 0.230902
vn -1.000000 0.000000 0.000000
vn -1.000000 0.000000 0.000000
vn -1.000000 0.000000 0.000000
vn -1.000000 0.000000 0.000000
vn 0.000000 0.081065 -0.996709
vn 0.000000 0.081065 -0.996709
vn -1.000000 0.000000 0.000000
vn -1.000000 0.000000 0.000000
vn -1.000000 0.000000 0.000000
vn -1.000000 0.000000 0.000000
vn -1.000000 0.000001 0.000000
vn -1.000000 0.000001 0.000000
vn -1.000000 0.000001 0.000000
vn -1.000000 0.000001 0.000000
vn -1.000000 0.000000 0.000000
vn -1.000000 -0.000002 0.000000
vn -1.000000 0.000001 0.000000
vn 0.000000 -0.081064 -0.996709
vn 0.000000 -0.081064 -0.996709
vn -1.000000 0.000004 0.000000
vn -1.000000 -0.000003 0.000000
vn -1.000000 -0.000001 0.000000
vn 1.000000 0.000000 0.000000
vn 1.000000 0.000000 0.000000
vn 1.000000 0.000000 0.000000
vn 1.000000 0.000000 0.000000
vn 1.000000 -0.000001 0.000000
vn 1.000000 -0.000001 0.000000
vn 1.000000 -0.000001 0.000000
vn 1.000000 -0.000001 0.000000
vn 0.000000 -0.972977 -0.230902
vn 0.000000 -0.972977 -0.230902
vn -1.000000 0.000005 0.000000
vn -1.000000 0.000005 0.000000
vn -1.000000 0.000005 0.000000
vn -1.000000 0.000005 0.000000
vn 0.000000 -0.972977 0.230902
vn 0.000000 -0.972977 0.230902
vn 0.000001 -0.922876 0.385096
vn 0.000001 -0.922876 0.385096
vn -1.000000 0.000000 0.000000
vn -1.000000 0.000000 0.000000
vn -1.000000 0.000000 0.000000
vn -1.000000 0.000000 0.000000
vn -1.000000 0.000001 0.000000
vn -1.000000 0.000002 0.000000
vn -1.000000 0.000001 0.000000
vn 0.000000 -0.922877 -0.385096
vn 0.000000 -0.922877 -0.385096
vn 0.000000 -0.520268 -0.854003
vn 0.000000 -0.520268 -0.854003
vn -1.000000 -0.000005 0.000000
vn -1.000000 -0.000005 0.000000
vn -1.000000 -0.000004 0.000000
vn 0.000000 -0.651433 -0.758706
vn 0.000000 -0.651433 -0.758706
vn -1.000000 0.000002 0.000000
vn -1.000000 0.000001 0.000000
vn -1.000000 0.000001 0.000000
vn -1.000000 0.000000 0.000000
vn -1.000000 0.000000 0.000000
vn -1.000000 0.000000 0.000000
vn -1.000000 0.000000 0.000000
vn -1.000000 -0.000003 0.000000
vn -1.000000 -0.000003 0.000000
vn -1.000000 -0.000003 0.000000
vn -1.000000 -0.000003 0.000000
vn -1.000000 -0.000005 0.000000
vn -1.000000 0.000002 0.000000
vn -1.000000 -0.000001 0.000000
vn -0.000000 -0.520267 -0.854004
vn -0.000000 -0.520267 -0.854004
vn -0.000000 -0.651433 -0.758706
vn -0.000000 -0.651433 -0.758706
vn 1.000000 -0.000001 0.000000
vn 1.000000 -0.000001 0.000000
vn 1.000000 -0.000001 0.000000
vn 1.000000 -0.000001 0.000000
vn 1.000000 0.000000 0.000000
vn 1.000000 0.000000 0.000000
vn 1.000000 0.000000 0.000000
vn 1.000000 0.000000 0.000000
vn -1.000000 -0.000007 0.000000
vn -1.000000 -0.000007 0.000000
vn -1.000000 -0.000007 0.000000
vn -1.000000 -0.000007 0.000000
vn -1.000000 0.000000 0.000000
vn -1.000000 0.000000 0.000000
vn -1.000000 0.000000 0.000000
vn -1.000000 0.000000 0.000000
vn 1.000000 -0.000003 0.000000
vn 1.000000 -0.000003 0.000000
vn 1.000000 -0.000003 0.000000
vn 1.000000 -0.000003 0.000000
vn 1.000000 -0.000007 0.000000
vn 1.000000 -0.000007 0.000000
vn 1.000000 -0.000007 0.000000
vn 1.000000 -0.000007 0.000000
vn 1.000000 0.000000 0.000000
vn 1.000000 0.000000 0.000000
vn 1.000000 0.000000 0.000000
vn 1.000000 0.000000 0.000000
vn 1.000000 -0.000006 0.000000
vn 1.000000 -0.000006 0.000000
vn 1.000000 -0.000006 0.000000
vn 1.000000 -0.000006 0.000000
vn -1.000000 -0.000003 0.000000
vn -1.000000 -0.000003 0.000000
vn -1.000000 -0.000003 0.000000
vn -1.000000 -0.000003 0.000000
vn -1.000000 0.000000 0.000000
vn -1.000000 0.000000 0.000000
vn -1.000000 0.000000 0.000000
vn -1.000000 0.000000 0.000000
vn -0.000000 0.081065 -0.996709
vn -0.000000 0.081065 -0.996709
vn 1.000000 0.000005 0.000000
vn 1.000000 0.000005 0.000000
vn 1.000000 0.000005 0.000000
vn 1.000000 0.000005 0.000000
vn 1.000000 0.000000 0.000000
vn 1.000000 0.000000 0.000000
vn 1.000000 0.000000 0.000000
vn 1.000000 0.000000 0.000000
vn 1.000000 -0.000003 0.000000
vn 1.000000 -0.000003 0.000000
vn 1.000000 -0.000003 0.000000
vn 1.000000 -0.000003 0.000000
vn 1.000000 0.000004 0.000000
vn 1.000000 0.000004 0.000000
vn 1.000000 0.000004 0.000000
vn 1.000000 0.000004 0.000000
vn -1.000000 0.000003 0.000000
vn -1.000000 0.000003 0.000000
vn -1.000000 0.000003 0.000000
vn -1.000000 0.000003 0.000000
vn -1.000000 0.000007 0.000000
vn -1.000000 0.000007 0.000000
vn -1.000000 0.000007 0.000000
vn -1.000000 0.000007 0.000000
vn -0.000000 -0.081064 -0.996709
vn -0.000000 -0.081064 -0.996709
vn -0.000000 -0.972977 -0.230902
vn -0.000000 -0.972977 -0.230902
vn -0.000000 -0.922877 -0.385096
vn -0.000000 -0.922877 -0.385096
vn -1.000000 0.000003 0.000000
vn -1.000000 0.000003 0.000000
vn -1.000000 0.000003 0.000000
vn -1.000000 0.000003 0.000000
vn -1.000000 -0.000002 0.000000
vn -1.000000 -0.000002 0.000000
vn -1.000000 -0.000002 0.000000
vn -1.000000 -0.000002 0.000000
vn -1.000000 -0.000003 0.000000
vn -1.000000 -0.000003 0.000000
vn -1.000000 -0.000003 0.000000
vn -1.000000 -0.000003 0.000000
vn -1.000000 0.000000 0.000000
vn -1.000000 0.000000 0.000000
vn -1.000000 0.000000 0.000000
vn -1.000000 0.000000 0.000000
vn -1.000000 -0.000003 0.000000
vn -1.000000 -0.000003 0.000000
vn -1.000000 -0.000003 0.000000
vn -1.000000 -0.000003 0.000000
vn -1.000000 0.000004 0.000000
vn -1.000000 0.000004 0.000000
vn -1.000000 0.000004 0.000000
vn -1.000000 0.000004 0.000000
vn 0.000000 -0.900969 -0.433884
vn 0.000000 -0.623490 -0.781832
vn 0.000000 -0.623490 -0.781832
vn 0.000000 -0.900969 -0.433884
vn 0.000000 -0.222521 -0.974928
vn 0.000000 -0.222521 -0.974928
vn 0.000000 0.222521 -0.974928
vn 0.000000 0.222521 -0.974928
vn 0.000000 0.623490 -0.781831
vn 0.000000 0.623490 -0.781831
vn 0.000000 0.900969 -0.433884
vn 0.000000 0.900969 -0.433884
vn 0.000000 1.000000 0.000000
vn 0.000000 1.000000 0.000000
vn 0.000000 0.900969 0.433884
vn 0.000000 0.900969 0.433884
vn 0.000000 0.623490 0.781831
vn 0.000000 0.623490 0.781831
vn 0.000000 0.222521 0.974928
vn 0.000000 0.222521 0.974928
vn 0.000000 -0.222521 0.974928
vn 0.000000 -0.222521 0.974928
vn 0.000000 -0.623490 0.781832
vn 0.000000 -0.623490 0.781832
vn 0.000000 -0.900969 0.433884
vn 0.000000 -0.900969 0.433884
vn 0.000000 -1.000000 0.000000
vn 0.000000 -1.000000 0.000000
vn -1.000000 0.000008 0.000000
vn -1.000000 0.000000 0.000000
vn -1.000000 0.000002 0.000000
vn -1.000000 0.000008 0.000000
vn -1.000000 0.000000 0.000000
vn -1.000000 0.000000 0.000000
vn -1.000000 0.000002 0.000000
vn -1.000000 -0.000002 0.000000
vn -1.000000 0.000004 0.000000
vn -1.000000 -0.000000 0.000000
vn -1.000000 0.000000 0.000000
vn -1.000000 0.000008 0.000000
vn -1.000000 0.000000 0.000000
vn -1.000000 0.000000 0.000000
vn -1.000000 0.000000 0.000000
vn 1.000000 -0.000010 0.000000
vn 1.000000 0.000010 0.000000
vn 1.000000 0.000009 0.000000
vn 1.000000 0.000020 0.000000
vn 1.000000 0.000000 0.000000
vn 1.000000 0.000020 0.000000
vn 1.000000 0.000020 0.000000
vn 1.000000 0.000000 0.000000
vn 1.000000 0.000010 0.000000
vn 1.000000 0.000010 0.000000
vn 1.000000 0.000000 0.000000
vn 1.000000 0.000000 0.000000
vn 1.000000 0.000020 0.000000
vn 1.000000 0.000020 0.000000
vn 1.000000 0.000000 0.000000
vn 1.000000 0.000006 0.000000
vn 1.000000 0.000006 0.000000
vn 1.000000 0.000006 0.000000
vn 1.000000 0.000006 0.000000
vn 1.000000 0.000011 0.000000
vn 1.000000 0.000011 0.000000
vn 1.000000 0.000011 0.000000
vn 1.000000 0.000011 0.000000
vn 1.000000 0.000000 0.000000
vn 1.000000 0.000000 0.000000
vn 1.000000 0.000000 0.000000
vn 1.000000 0.000000 0.000000
vn 1.000000 -0.000011 0.000000
vn 1.000000 -0.000011 0.000000
vn 1.000000 -0.000011 0.000000
vn 1.000000 -0.000011 0.000000
vn 1.000000 -0.000011 0.000000
vn 1.000000 -0.000011 0.000000
vn 1.000000 -0.000011 0.000000
vn 1.000000 -0.000011 0.000000
vn 1.000000 -0.000006 0.000000
vn 1.000000 -0.000006 0.000000
vn 1.000000 -0.000006 0.000000
vn 1.000000 -0.000006 0.000000
vn 1.000000 0.000006 0.000000
vn 1.000000 0.000006 0.000000
vn 1.000000 0.000006 0.000000
vn 1.000000 0.000006 0.000000
vn 1.000000 0.000009 0.000000
vn 1.000000 0.000009 0.000000
vn 1.000000 0.000009 0.000000
vn 1.000000 0.000009 0.000000
vn 1.000000 0.000000 0.000000
vn 1.000000 0.000000 0.000000
vn 1.000000 0.000000 0.000000
vn 1.000000 0.000000 0.000000
vn 1.000000 0.000000 0.000000
vn 1.000000 0.000000 0.000000
vn 1.000000 0.000000 0.000000
vn 1.000000 0.000000 0.000000
vn 1.000000 0.000000 0.000000
vn 1.000000 0.000000 0.000000
vn 1.000000 0.000000 0.000000
vn 1.000000 0.000000 0.000000
vn 1.000000 0.000006 0.000000
vn 1.000000 0.000006 0.000000
vn 1.000000 0.000006 0.000000
vn 1.000000 0.000006 0.000000
vn 1.000000 0.000009 0.000000
vn 1.000000 0.000009 0.000000
vn 1.000000 0.000009 0.000000
vn 1.000000 0.000009 0.000000
vn 1.000000 0.000000 0.000000
vn 1.000000 0.000000 0.000000
vn 1.000000 0.000000 0.000000
vn 1.000000 0.000000 0.000000
vn 0.000000 -0.781832 -0.623490
vn 0.000000 -0.781832 -0.623490
vn 0.000000 -0.781832 -0.623490
vn 0.000000 -0.781832 -0.623490
vn 0.000000 -0.433883 -0.900969
vn 0.000000 -0.433883 -0.900969
vn 0.000000 -0.433883 -0.900969
vn 0.000000 -0.433883 -0.900969
vn 0.000000 -0.000000 -1.000000
vn 0.000000 -0.000000 -1.000000
vn 0.000000 -0.000000 -1.000000
vn 0.000000 -0.000000 -1.000000
vn 0.000000 0.433884 -0.900969
vn 0.000000 0.433884 -0.900969
vn 0.000000 0.433884 -0.900969
vn 0.000000 0.433884 -0.900969
vn 0.000000 0.781832 -0.623490
vn 0.000000 0.781832 -0.623490
vn 0.000000 0.781832 -0.623490
vn 0.000000 0.781832 -0.623490
vn 0.000000 0.974927 -0.222523
vn 0.000000 0.974927 -0.222523
vn 0.000000 0.974927 -0.222523
vn 0.000000 0.974927 -0.222523
vn 0.000000 0.974927 0.222523
vn 0.000000 0.974927 0.222523
vn 0.000000 0.974927 0.222523
vn 0.000000 0.974927 0.222523
vn 0.000000 0.781832 0.623490
vn 0.000000 0.781832 0.623490
vn 0.000000 0.781832 0.623490
vn 0.000000 0.781832 0.623490
vn 0.000000 0.433884 0.900969
vn 0.000000 0.433884 0.900969
vn 0.000000 0.433884 0.900969
vn 0.000000 0.433884 0.900969
vn 0.000000 0.000000 1.000000
vn 0.000000 0.000000 1.000000
vn 0.000000 0.000000 1.000000
vn 0.000000 0.000000 1.000000
vn 0.000000 -0.433883 0.900969
vn 0.000000 -0.433883 0.900969
vn 0.000000 -0.433883 0.900969
vn 0.000000 -0.433883 0.900969
vn 0.000000 -0.781832 0.623490
vn 0.000000 -0.781832 0.623490
vn 0.000000 -0.781832 0.623490
vn 0.000000 -0.781832 0.623490
vn 0.000000 -0.974928 0.222522
vn 0.000000 -0.974928 0.222522
vn 0.000000 -0.974928 0.222522
vn 0.000000 -0.974928 0.222522
vn 0.000000 -0.974927 -0.222524
vn 0.000000 -0.974927 -0.222524
vn 0.000000 -0.974927 -0.222524
vn 0.000000 -0.974927 -0.222524
vn -1.000000 0.000012 0.000000
vn -1.000000 0.000012 0.000000
vn -1.000000 0.000012 0.000000
vn -1.000000 0.000012 0.000000
vn -1.000000 0.000006 0.000000
vn -1.000000 0.000006 0.000000
vn -1.000000 0.000006 0.000000
vn -1.000000 0.000006 0.000000
vn -1.000000 0.000000 0.000000
vn -1.000000 0.000000 0.000000
vn -1.000000 0.000000 0.000000
vn -1.000000 0.000000 0.000000
vn -1.000000 0.000000 0.000000
vn -1.000000 0.000000 0.000000
vn -1.000000 0.000000 0.000000
vn -1.000000 0.000000 0.000000
vn -1.000000 0.000000 0.000000
vn -1.000000 0.000000 0.000000
vn -1.000000 0.000000 0.000000
vn -1.000000 0.000000 0.000000
vn -1.000000 0.000009 0.000000
vn -1.000000 0.000009 0.000000
vn -1.000000 0.000009 0.000000
vn -1.000000 0.000009 0.000000
vn -1.000000 0.000000 0.000000
vn -1.000000 0.000000 0.000000
vn -1.000000 0.000000 0.000000
vn -1.000000 0.000000 0.000000
vn -1.000000 -0.000012 0.000000
vn -1.000000 -0.000012 0.000000
vn -1.000000 -0.000012 0.000000
vn -1.000000 -0.000012 0.000000
vn -1.000000 -0.000006 0.000000
vn -1.000000 -0.000006 0.000000
vn -1.000000 -0.000006 0.000000
vn -1.000000 -0.000006 0.000000
vn -1.000000 0.000000 0.000000
vn -1.000000 0.000000 0.000000
vn -1.000000 0.000000 0.000000
vn -1.000000 0.000000 0.000000
vn -1.000000 0.000000 0.000000
vn -1.000000 0.000000 0.000000
vn -1.000000 0.000000 0.000000
vn -1.000000 0.000000 0.000000
vn -1.000000 0.000000 0.000000
vn -1.000000 0.000000 0.000000
vn -1.000000 0.000000 0.000000
vn -1.000000 0.000000 0.000000
vn -1.000000 0.000012 0.000000
vn -1.000000 0.000012 0.000000
vn -1.000000 0.000012 0.000000
vn -1.000000 0.000012 0.000000
vn -1.000000 0.000024 0.000000
vn -1.000000 0.000024 0.000000
vn -1.000000 0.000024 0.000000
vn -1.000000 0.000024 0.000000
vn 0.000000 -0.781832 -0.623489
vn 0.000000 -0.781832 -0.623489
vn 0.000000 -0.781832 -0.623489
vn 0.000000 -0.781832 -0.623489
vn 0.000000 -0.433883 -0.900969
vn 0.000000 -0.433883 -0.900969
vn 0.000000 -0.433883 -0.900969
vn 0.000000 -0.433883 -0.900969
vn 0.000000 -0.000001 -1.000000
vn 0.000000 -0.000001 -1.000000
vn 0.000000 -0.000001 -1.000000
vn 0.000000 -0.000001 -1.000000
vn 0.000000 0.433884 -0.900969
vn 0.000000 0.433884 -0.900969
vn 0.000000 0.433884 -0.900969
vn 0.000000 0.433884 -0.900969
vn 0.000000 0.781832 -0.623489
vn 0.000000 0.781832 -0.623489
vn 0.000000 0.781832 -0.623489
vn 0.000000 0.781832 -0.623489
vn 0.000000 0.974927 -0.222524
vn 0.000000 0.974927 -0.222524
vn 0.000000 0.974927 -0.222524
vn 0.000000 0.974927 -0.222524
vn 0.000000 0.974927 0.222524
vn 0.000000 0.974927 0.222524
vn 0.000000 0.974927 0.222524
vn 0.000000 0.974927 0.222524
vn 0.000000 0.781832 0.623489
vn 0.000000 0.781832 0.623489
vn 0.000000 0.781832 0.623489
vn 0.000000 0.781832 0.623489
vn 0.000000 0.433885 0.900968
vn 0.000000 0.433885 0.900968
vn 0.000000 0.433885 0.900968
vn 0.000000 0.433885 0.900968
vn 0.000000 0.000001 1.000000
vn 0.000000 0.000001 1.000000
vn 0.000000 0.000001 1.000000
vn 0.000000 0.000001 1.000000
vn 0.000000 -0.433883 0.900969
vn 0.000000 -0.433883 0.900969
vn 0.000000 -0.433883 0.900969
vn 0.000000 -0.433883 0.900969
vn 0.000000 -0.781831 0.623490
vn 0.000000 -0.781831 0.623490
vn 0.000000 -0.781831 0.623490
vn 0.000000 -0.781831 0.623490
vn 0.000000 -0.974928 0.222522
vn 0.000000 -0.974928 0.222522
vn 0.000000 -0.974928 0.222522
vn 0.000000 -0.974928 0.222522
vn 0.000000 -0.974928 -0.222522
vn 0.000000 -0.974928 -0.222522
vn 0.000000 -0.974928 -0.222522
vn 0.000000 -0.974928 -0.222522
vn 1.000000 0.000006 0.000000
vn 1.000000 0.000006 0.000000
vn 1.000000 0.000006 0.000000
vn 1.000000 0.000006 0.000000
vn 1.000000 0.000000 0.000000
vn 1.000000 0.000000 0.000000
vn 1.000000 0.000000 0.000000
vn 1.000000 0.000000 0.000000
vn 1.000000 0.000000 0.000000
vn 1.000000 0.000000 0.000000
vn 1.000000 0.000000 0.000000
vn 1.000000 0.000000 0.000000
vn 1.000000 0.000000 0.000000
vn 1.000000 0.000000 0.000000
vn 1.000000 0.000000 0.000000
vn 1.000000 0.000000 0.000000
vn 1.000000 0.000000 0.000000
vn 1.000000 0.000000 0.000000
vn 1.000000 0.000000 0.000000
vn 1.000000 0.000000 0.000000
vn 1.000000 0.000000 0.000000
vn 1.000000 0.000000 0.000000
vn 1.000000 0.000000 0.000000
vn 1.000000 0.000000 0.000000
vn 1.000000 0.000006 0.000000
vn 1.000000 0.000006 0.000000
vn 1.000000 0.000006 0.000000
vn 1.000000 0.000006 0.000000
vn 1.000000 0.000000 0.000000
vn 1.000000 0.000000 0.000000
vn 1.000000 0.000000 0.000000
vn 1.000000 0.000000 0.000000
vn 1.000000 0.000000 0.000000
vn 1.000000 0.000000 0.000000
vn 1.000000 0.000000 0.000000
vn 1.000000 0.000000 0.000000
vn 1.000000 -0.000011 0.000000
vn 1.000000 -0.000011 0.000000
vn 1.000000 -0.000011 0.000000
vn 1.000000 -0.000011 0.000000
vn 1.000000 0.000011 0.000000
vn 1.000000 0.000011 0.000000
vn 1.000000 0.000011 0.000000
vn 1.000000 0.000011 0.000000
vn 1.000000 -0.000006 0.000000
vn 1.000000 -0.000006 0.000000
vn 1.000000 -0.000006 0.000000
vn 1.000000 -0.000006 0.000000
vn 1.000000 0.000006 0.000000
vn 1.000000 0.000006 0.000000
vn 1.000000 0.000006 0.000000
vn 1.000000 0.000006 0.000000
vn 1.000000 0.000006 0.000000
vn 1.000000 0.000006 0.000000
vn 1.000000 0.000006 0.000000
vn 1.000000 0.000006 0.000000
vn 0.000000 -0.781831 -0.623490
vn 0.000000 -0.781831 -0.623490
vn 0.000000 -0.781831 -0.623490
vn 0.000000 -0.781831 -0.623490
vn 0.000000 -0.433885 -0.900968
vn 0.000000 -0.433885 -0.900968
vn 0.000000 -0.433885 -0.900968
vn 0.000000 -0.433885 -0.900968
vn 0.000000 -0.000000 -1.000000
vn 0.000000 -0.000000 -1.000000
vn 0.000000 -0.000000 -1.000000
vn 0.000000 -0.000000 -1.000000
vn 0.000000 0.433886 -0.900968
vn 0.000000 0.433886 -0.900968
vn 0.000000 0.433886 -0.900968
vn 0.000000 0.433886 -0.900968
vn 0.000000 0.781831 -0.623490
vn 0.000000 0.781831 -0.623490
vn 0.000000 0.781831 -0.623490
vn 0.000000 0.781831 -0.623490
vn 0.000000 0.974927 -0.222524
vn 0.000000 0.974927 -0.222524
vn 0.000000 0.974927 -0.222524
vn 0.000000 0.974927 -0.222524
vn 0.000000 0.974927 0.222524
vn 0.000000 0.974927 0.222524
vn 0.000000 0.974927 0.222524
vn 0.000000 0.974927 0.222524
vn 0.000000 0.781830 0.623491
vn 0.000000 0.781830 0.623491
vn 0.000000 0.781830 0.623491
vn 0.000000 0.781830 0.623491
vn 0.000000 0.433886 0.900968
vn 0.000000 0.433886 0.900968
vn 0.000000 0.433886 0.900968
vn 0.000000 0.433886 0.900968
vn 0.000000 0.000000 1.000000
vn 0.000000 0.000000 1.000000
vn 0.000000 0.000000 1.000000
vn 0.000000 0.000000 1.000000
vn 0.000000 -0.433885 0.900968
vn 0.000000 -0.433885 0.900968
vn 0.000000 -0.433885 0.900968
vn 0.000000 -0.433885 0.900968
vn 0.000000 -0.781830 0.623492
vn 0.000000 -0.781830 0.623492
vn 0.000000 -0.781830 0.623492
vn 0.000000 -0.781830 0.623492
vn 0.000000 -0.974928 0.222522
vn 0.000000 -0.974928 0.222522
vn 0.000000 -0.974928 0.222522
vn 0.000000 -0.974928 0.222522
vn 0.000000 -0.974928 -0.222522
vn 0.000000 -0.974928 -0.222522
vn 0.000000 -0.974928 -0.222522
vn 0.000000 -0.974928 -0.222522
vn 1.000000 -0.000006 0.000000
vn 1.000000 -0.000006 0.000000
vn 1.000000 -0.000006 0.000000
vn 1.000000 -0.000006 0.000000
vn 1.000000 0.000000 0.000000
vn 1.000000 0.000000 0.000000
vn 1.000000 0.000000 0.000000
vn 1.000000 0.000000 0.000000
vn 1.000000 0.000000 0.000000
vn 1.000000 0.000000 0.000000
vn 1.000000 0.000000 0.000000
vn 1.000000 0.000000 0.000000
vn 1.000000 -0.000022 0.000000
vn 1.000000 -0.000022 0.000000
vn 1.000000 -0.000022 0.000000
vn 1.000000 -0.000022 0.000000
vn 1.000000 0.000011 0.000000
vn 1.000000 0.000011 0.000000
vn 1.000000 0.000011 0.000000
vn 1.000000 0.000011 0.000000
vn 1.000000 0.000006 0.000000
vn 1.000000 0.000006 0.000000
vn 1.000000 0.000006 0.000000
vn 1.000000 0.000006 0.000000
vn 1.000000 -0.000003 0.000000
vn 1.000000 -0.000003 0.000000
vn 1.000000 -0.000003 0.000000
vn 1.000000 -0.000003 0.000000
vn 1.000000 0.000006 0.000000
vn 1.000000 0.000006 0.000000
vn 1.000000 0.000006 0.000000
vn 1.000000 0.000006 0.000000
vn 1.000000 -0.000022 0.000000
vn 1.000000 -0.000022 0.000000
vn 1.000000 -0.000022 0.000000
vn 1.000000 -0.000022 0.000000
vn 1.000000 0.000000 0.000000
vn 1.000000 0.000000 0.000000
vn 1.000000 0.000000 0.000000
vn 1.000000 0.000000 0.000000
vn 1.000000 0.000000 0.000000
vn 1.000000 0.000000 0.000000
vn 1.000000 0.000000 0.000000
vn 1.000000 0.000000 0.000000
vn 1.000000 0.000000 0.000000
vn 1.000000 0.000000 0.000000
vn 1.000000 0.000000 0.000000
vn 1.000000 0.000000 0.000000
vn 1.000000 -0.000006 0.000000
vn 1.000000 -0.000006 0.000000
vn 1.000000 -0.000006 0.000000
vn 1.000000 -0.000006 0.000000
vn 1.000000 0.000000 0.000000
vn 1.000000 0.000000 0.000000
vn 1.000000 0.000000 0.000000
vn 1.000000 0.000000 0.000000
vn 0.000000 0.781831 0.623490
vn 0.000000 0.781831 0.623490
vn 0.000000 0.781831 0.623490
vn 0.000000 0.781831 0.623490
vn 0.000000 0.433884 0.900969
vn 0.000000 0.433884 0.900969
vn 0.000000 0.433884 0.900969
vn 0.000000 0.433884 0.900969
vn 0.000000 0.000000 1.000000
vn 0.000000 0.000000 1.000000
vn 0.000000 0.000000 1.000000
vn 0.000000 0.000000 1.000000
vn 0.000000 -0.433884 0.900969
vn 0.000000 -0.433884 0.900969
vn 0.000000 -0.433884 0.900969
vn 0.000000 -0.433884 0.900969
vn 0.000000 -0.781833 0.623488
vn 0.000000 -0.781833 0.623488
vn 0.000000 -0.781833 0.623488
vn 0.000000 -0.781833 0.623488
vn 0.000000 -0.974927 0.222527
vn 0.000000 -0.974927 0.222527
vn 0.000000 -0.974927 0.222527
vn 0.000000 -0.974927 0.222527
vn 0.000000 -0.974927 -0.222527
vn 0.000000 -0.974927 -0.222527
vn 0.000000 -0.974927 -0.222527
vn 0.000000 -0.974927 -0.222527
vn 0.000000 -0.781833 -0.623488
vn 0.000000 -0.781833 -0.623488
vn 0.000000 -0.781833 -0.623488
vn 0.000000 -0.781833 -0.623488
vn 0.000000 -0.433885 -0.900969
vn 0.000000 -0.433885 -0.900969
vn 0.000000 -0.433885 -0.900969
vn 0.000000 -0.433885 -0.900969
vn 0.000000 0.000000 -1.000000
vn 0.000000 0.000000 -1.000000
vn 0.000000 0.000000 -1.000000
vn 0.000000 0.000000 -1.000000
vn 0.000000 0.433883 -0.900969
vn 0.000000 0.433883 -0.900969
vn 0.000000 0.433883 -0.900969
vn 0.000000 0.433883 -0.900969
vn 0.000000 0.781831 -0.623490
vn 0.000000 0.781831 -0.623490
vn 0.000000 0.781831 -0.623490
vn 0.000000 0.781831 -0.623490
vn 0.000000 0.974928 -0.222520
vn 0.000000 0.974928 -0.222520
vn 0.000000 0.974928 -0.222520
vn 0.000000 0.974928 -0.222520
vn 0.000000 0.974928 0.222521
vn 0.000000 0.974928 0.222521
vn 0.000000 0.974928 0.222521
vn 0.000000 0.974928 0.222521
vn 0.000000 -0.900969 -0.433884
vn 0.000000 -0.623490 -0.781832
vn 0.000000 -0.623490 -0.781832
vn 0.000000 -0.900969 -0.433884
vn 0.000000 -0.222521 -0.974928
vn 0.000000 -0.222521 -0.974928
vn 0.000000 0.222521 -0.974928
vn 0.000000 0.222521 -0.974928
vn 0.000000 0.623490 -0.781831
vn 0.000000 0.623490 -0.781831
vn 0.000000 0.900969 -0.433884
vn 0.000000 0.900969 -0.433884
vn 0.000000 1.000000 0.000000
vn 0.000000 1.000000 0.000000
vn 0.000000 0.900969 0.433884
vn 0.000000 0.900969 0.433884
vn 0.000000 0.623490 0.781831
vn 0.000000 0.623490 0.781831
vn 0.000000 0.222521 0.974928
vn 0.000000 0.222521 0.974928
vn 0.000000 -0.222521 0.974928
vn 0.000000 -0.222521 0.974928
vn 0.000000 -0.623490 0.781832
vn 0.000000 -0.623490 0.781832
vn 0.000000 -0.900969 0.433884
vn 0.000000 -0.900969 0.433884
vn 0.000000 -1.000000 0.000000
vn 0.000000 -1.000000 0.000000
vn -1.000000 -0.000000 0.000000
vn -1.000000 -0.000008 0.000000
vn -1.000000 -0.000000 0.000000
vn -1.000000 0.000008 0.000000
vn -1.000000 0.000000 0.000000
vn -1.000000 0.000000 0.000000
vn -1.000000 0.000002 0.000000
vn -1.000000 -0.000002 0.000000
vn -1.000000 0.000004 0.000000
vn -1.000000 -0.000000 0.000000
vn -1.000000 -0.000008 0.000000
vn -1.000000 0.000000 0.000000
vn -1.000000 0.000000 0.000000
vn -1.000000 0.000000 0.000000
vn -1.000000 0.000000 0.000000
vn 1.000000 -0.000010 0.000000
vn 1.000000 -0.000010 0.000000
vn 1.000000 -0.000006 0.000000
vn 1.000000 0.000000 0.000000
vn 1.000000 0.000000 0.000000
vn 1.000000 -0.000020 0.000000
vn 1.000000 -0.000020 0.000000
vn 1.000000 0.000000 0.000000
vn 1.000000 0.000010 0.000000
vn 1.000000 0.000010 0.000000
vn 1.000000 0.000000 0.000000
vn 1.000000 0.000000 0.000000
vn 1.000000 -0.000020 0.000000
vn 1.000000 -0.000020 0.000000
vn 1.000000 0.000000 0.000000
vn 1.000000 -0.000006 0.000000
vn 1.000000 -0.000006 0.000000
vn 1.000000 -0.000006 0.000000
vn 1.000000 -0.000006 0.000000
vn 1.000000 0.000000 0.000000
vn 1.000000 0.000000 0.000000
vn 1.000000 0.000000 0.000000
vn 1.000000 0.000000 0.000000
vn 1.000000 0.000011 0.000000
vn 1.000000 0.000011 0.000000
vn 1.000000 0.000011 0.000000
vn 1.000000 0.000011 0.000000
vn 1.000000 0.000000 0.000000
vn 1.000000 0.000000 0.000000
vn 1.000000 0.000000 0.000000
vn 1.000000 0.000000 0.000000
vn 1.000000 -0.000006 0.000000
vn 1.000000 -0.000006 0.000000
vn 1.000000 -0.000006 0.000000
vn 1.000000 -0.000006 0.000000
vn 1.000000 -0.000006 0.000000
vn 1.000000 -0.000006 0.000000
vn 1.000000 -0.000006 0.000000
vn 1.000000 -0.000006 0.000000
vn 1.000000 0.000006 0.000000
vn 1.000000 0.000006 0.000000
vn 1.000000 0.000006 0.000000
vn 1.000000 0.000006 0.000000
vn 1.000000 -0.000014 0.000000
vn 1.000000 -0.000014 0.000000
vn 1.000000 -0.000014 0.000000
vn 1.000000 -0.000014 0.000000
vn 1.000000 -0.000006 0.000000
vn 1.000000 -0.000006 0.000000
vn 1.000000 -0.000006 0.000000
vn 1.000000 -0.000006 0.000000
vn 1.000000 0.000000 0.000000
vn 1.000000 0.000000 0.000000
vn 1.000000 0.000000 0.000000
vn 1.000000 0.000000 0.000000
vn 1.000000 0.000000 0.000000
vn 1.000000 0.000000 0.000000
vn 1.000000 0.000000 0.000000
vn 1.000000 0.000000 0.000000
vn 1.000000 0.000000 0.000000
vn 1.000000 0.000000 0.000000
vn 1.000000 0.000000 0.000000
vn 1.000000 0.000000 0.000000
vn 1.000000 -0.000006 0.000000
vn 1.000000 -0.000006 0.000000
vn 1.000000 -0.000006 0.000000
vn 1.000000 -0.000006 0.000000
vn 1.000000 -0.000023 0.000000
vn 1.000000 -0.000023 0.000000
vn 1.000000 -0.000023 0.000000
vn 1.000000 -0.000023 0.000000
vn 0.000000 -0.781832 -0.623490
vn 0.000000 -0.781832 -0.623490
vn 0.000000 -0.781832 -0.623490
vn 0.000000 -0.781832 -0.623490
vn 0.000000 -0.433883 -0.900969
vn 0.000000 -0.433883 -0.900969
vn 0.000000 -0.433883 -0.900969
vn 0.000000 -0.433883 -0.900969
vn 0.000000 -0.000000 -1.000000
vn 0.000000 -0.000000 -1.000000
vn 0.000000 -0.000000 -1.000000
vn 0.000000 -0.000000 -1.000000
vn 0.000000 0.433884 -0.900969
vn 0.000000 0.433884 -0.900969
vn 0.000000 0.433884 -0.900969
vn 0.000000 0.433884 -0.900969
vn 0.000000 0.781832 -0.623490
vn 0.000000 0.781832 -0.623490
vn 0.000000 0.781832 -0.623490
vn 0.000000 0.781832 -0.623490
vn 0.000000 0.974927 -0.222523
vn 0.000000 0.974927 -0.222523
vn 0.000000 0.974927 -0.222523
vn 0.000000 0.974927 -0.222523
vn 0.000000 0.974927 0.222523
vn 0.000000 0.974927 0.222523
vn 0.000000 0.974927 0.222523
vn 0.000000 0.974927 0.222523
vn 0.000000 0.781832 0.623490
vn 0.000000 0.781832 0.623490
vn 0.000000 0.781832 0.623490
vn 0.000000 0.781832 0.623490
vn 0.000000 0.433884 0.900969
vn 0.000000 0.433884 0.900969
vn 0.000000 0.433884 0.900969
vn 0.000000 0.433884 0.900969
vn 0.000000 0.000000 1.000000
vn 0.000000 0.000000 1.000000
vn 0.000000 0.000000 1.000000
vn 0.000000 0.000000 1.000000
vn 0.000000 -0.433883 0.900969
vn 0.000000 -0.433883 0.900969
vn 0.000000 -0.433883 0.900969
vn 0.000000 -0.433883 0.900969
vn 0.000000 -0.781832 0.623490
vn 0.000000 -0.781832 0.623490
vn 0.000000 -0.781832 0.623490
vn 0.000000 -0.781832 0.623490
vn 0.000000 -0.974927 0.222524
vn 0.000000 -0.974927 0.222524
vn 0.000000 -0.974927 0.222524
vn 0.000000 -0.974927 0.222524
vn 0.000000 -0.974927 -0.222524
vn 0.000000 -0.974927 -0.222524
vn 0.000000 -0.974927 -0.222524
vn 0.000000 -0.974927 -0.222524
vn -1.000000 0.000012 0.000000
vn -1.000000 0.000012 0.000000
vn -1.000000 0.000012 0.000000
vn -1.000000 0.000012 0.000000
vn -1.000000 0.000006 0.000000
vn -1.000000 0.000006 0.000000
vn -1.000000 0.000006 0.000000
vn -1.000000 0.000006 0.000000
vn -1.000000 0.000012 0.000000
vn -1.000000 0.000012 0.000000
vn -1.000000 0.000012 0.000000
vn -1.000000 0.000012 0.000000
vn -1.000000 0.000000 0.000000
vn -1.000000 0.000000 0.000000
vn -1.000000 0.000000 0.000000
vn -1.000000 0.000000 0.000000
vn -1.000000 0.000000 0.000000
vn -1.000000 0.000000 0.000000
vn -1.000000 0.000000 0.000000
vn -1.000000 0.000000 0.000000
vn -1.000000 -0.000006 0.000000
vn -1.000000 -0.000006 0.000000
vn -1.000000 -0.000006 0.000000
vn -1.000000 -0.000006 0.000000
vn -1.000000 0.000000 0.000000
vn -1.000000 0.000000 0.000000
vn -1.000000 0.000000 0.000000
vn -1.000000 0.000000 0.000000
vn -1.000000 -0.000012 0.000000
vn -1.000000 -0.000012 0.000000
vn -1.000000 -0.000012 0.000000
vn -1.000000 -0.000012 0.000000
vn -1.000000 0.000012 0.000000
vn -1.000000 0.000012 0.000000
vn -1.000000 0.000012 0.000000
vn -1.000000 0.000012 0.000000
vn -1.000000 0.000012 0.000000
vn -1.000000 0.000012 0.000000
vn -1.000000 0.000012 0.000000
vn -1.000000 0.000012 0.000000
vn -1.000000 0.000000 0.000000
vn -1.000000 0.000000 0.000000
vn -1.000000 0.000000 0.000000
vn -1.000000 0.000000 0.000000
vn -1.000000 0.000000 0.000000
vn -1.000000 0.000000 0.000000
vn -1.000000 0.000000 0.000000
vn -1.000000 0.000000 0.000000
vn -1.000000 0.000003 0.000000
vn -1.000000 0.000003 0.000000
vn -1.000000 0.000003 0.000000
vn -1.000000 0.000003 0.000000
vn -1.000000 0.000024 0.000000
vn -1.000000 0.000024 0.000000
vn -1.000000 0.000024 0.000000
vn -1.000000 0.000024 0.000000
vn 0.000000 -0.781832 -0.623489
vn 0.000000 -0.781832 -0.623489
vn 0.000000 -0.781832 -0.623489
vn 0.000000 -0.781832 -0.623489
vn 0.000000 -0.433883 -0.900969
vn 0.000000 -0.433883 -0.900969
vn 0.000000 -0.433883 -0.900969
vn 0.000000 -0.433883 -0.900969
vn 0.000000 -0.000001 -1.000000
vn 0.000000 -0.000001 -1.000000
vn 0.000000 -0.000001 -1.000000
vn 0.000000 -0.000001 -1.000000
vn 0.000000 0.433885 -0.900968
vn 0.000000 0.433885 -0.900968
vn 0.000000 0.433885 -0.900968
vn 0.000000 0.433885 -0.900968
vn 0.000000 0.781832 -0.623489
vn 0.000000 0.781832 -0.623489
vn 0.000000 0.781832 -0.623489
vn 0.000000 0.781832 -0.623489
vn 0.000000 0.974927 -0.222523
vn 0.000000 0.974927 -0.222523
vn 0.000000 0.974927 -0.222523
vn 0.000000 0.974927 -0.222523
vn 0.000000 0.974927 0.222524
vn 0.000000 0.974927 0.222524
vn 0.000000 0.974927 0.222524
vn 0.000000 0.974927 0.222524
vn 0.000000 0.781832 0.623489
vn 0.000000 0.781832 0.623489
vn 0.000000 0.781832 0.623489
vn 0.000000 0.781832 0.623489
vn 0.000000 0.433885 0.900968
vn 0.000000 0.433885 0.900968
vn 0.000000 0.433885 0.900968
vn 0.000000 0.433885 0.900968
vn 0.000000 0.000000 1.000000
vn 0.000000 0.000000 1.000000
vn 0.000000 0.000000 1.000000
vn 0.000000 0.000000 1.000000
vn 0.000000 -0.433882 0.900970
vn 0.000000 -0.433882 0.900970
vn 0.000000 -0.433882 0.900970
vn 0.000000 -0.433882 0.900970
vn 0.000000 -0.781831 0.623490
vn 0.000000 -0.781831 0.623490
vn 0.000000 -0.781831 0.623490
vn 0.000000 -0.781831 0.623490
vn 0.000000 -0.974928 0.222522
vn 0.000000 -0.974928 0.222522
vn 0.000000 -0.974928 0.222522
vn 0.000000 -0.974928 0.222522
vn 0.000000 -0.974928 -0.222522
vn 0.000000 -0.974928 -0.222522
vn 0.000000 -0.974928 -0.222522
vn 0.000000 -0.974928 -0.222522
vn 1.000000 0.000000 0.000000
vn 1.000000 0.000000 0.000000
vn 1.000000 0.000000 0.000000
vn 1.000000 0.000000 0.000000
vn 1.000000 0.000000 0.000000
vn 1.000000 0.000000 0.000000
vn 1.000000 0.000000 0.000000
vn 1.000000 0.000000 0.000000
vn 1.000000 0.000011 0.000000
vn 1.000000 0.000011 0.000000
vn 1.000000 0.000011 0.000000
vn 1.000000 0.000011 0.000000
vn 1.000000 -0.000011 0.000000
vn 1.000000 -0.000011 0.000000
vn 1.000000 -0.000011 0.000000
vn 1.000000 -0.000011 0.000000
vn 1.000000 0.000006 0.000000
vn 1.000000 0.000006 0.000000
vn 1.000000 0.000006 0.000000
vn 1.000000 0.000006 0.000000
vn 1.000000 -0.000006 0.000000
vn 1.000000 -0.000006 0.000000
vn 1.000000 -0.000006 0.000000
vn 1.000000 -0.000006 0.000000
vn 1.000000 0.000006 0.000000
vn 1.000000 0.000006 0.000000
vn 1.000000 0.000006 0.000000
vn 1.000000 0.000006 0.000000
vn 1.000000 0.000000 0.000000
vn 1.000000 0.000000 0.000000
vn 1.000000 0.000000 0.000000
vn 1.000000 0.000000 0.000000
vn 1.000000 0.000000 0.000000
vn 1.000000 0.000000 0.000000
vn 1.000000 0.000000 0.000000
vn 1.000000 0.000000 0.000000
vn 1.000000 0.000000 0.000000
vn 1.000000 0.000000 0.000000
vn 1.000000 0.000000 0.000000
vn 1.000000 0.000000 0.000000
vn 1.000000 0.000000 0.000000
vn 1.000000 0.000000 0.000000
vn 1.000000 0.000000 0.000000
vn 1.000000 0.000000 0.000000
vn 1.000000 -0.000011 0.000000
vn 1.000000 -0.000011 0.000000
vn 1.000000 -0.000011 0.000000
vn 1.000000 -0.000011 0.000000
vn 1.000000 0.000006 0.000000
vn 1.000000 0.000006 0.000000
vn 1.000000 0.000006 0.000000
vn 1.000000 0.000006 0.000000
vn 1.000000 0.000006 0.000000
vn 1.000000 0.000006 0.000000
vn 1.000000 0.000006 0.000000
vn 1.000000 0.000006 0.000000
vn 0.000000 -0.781830 -0.623492
vn 0.000000 -0.781830 -0.623492
vn 0.000000 -0.781830 -0.623492
vn 0.000000 -0.781830 -0.623492
vn 0.000000 -0.433885 -0.900968
vn 0.000000 -0.433885 -0.900968
vn 0.000000 -0.433885 -0.900968
vn 0.000000 -0.433885 -0.900968
vn 0.000000 0.000000 -1.000000
vn 0.000000 0.000000 -1.000000
vn 0.000000 0.000000 -1.000000
vn 0.000000 0.000000 -1.000000
vn 0.000000 0.433886 -0.900968
vn 0.000000 0.433886 -0.900968
vn 0.000000 0.433886 -0.900968
vn 0.000000 0.433886 -0.900968
vn 0.000000 0.781830 -0.623491
vn 0.000000 0.781830 -0.623491
vn 0.000000 0.781830 -0.623491
vn 0.000000 0.781830 -0.623491
vn 0.000000 0.974927 -0.222524
vn 0.000000 0.974927 -0.222524
vn 0.000000 0.974927 -0.222524
vn 0.000000 0.974927 -0.222524
vn 0.000000 0.974927 0.222524
vn 0.000000 0.974927 0.222524
vn 0.000000 0.974927 0.222524
vn 0.000000 0.974927 0.222524
vn 0.000000 0.781830 0.623491
vn 0.000000 0.781830 0.623491
vn 0.000000 0.781830 0.623491
vn 0.000000 0.781830 0.623491
vn 0.000000 0.433886 0.900968
vn 0.000000 0.433886 0.900968
vn 0.000000 0.433886 0.900968
vn 0.000000 0.433886 0.900968
vn 0.000000 0.000000 1.000000
vn 0.000000 0.000000 1.000000
vn 0.000000 0.000000 1.000000
vn 0.000000 0.000000 1.000000
vn 0.000000 -0.433885 0.900968
vn 0.000000 -0.433885 0.900968
vn 0.000000 -0.433885 0.900968
vn 0.000000 -0.433885 0.900968
vn 0.000000 -0.781831 0.623490
vn 0.000000 -0.781831 0.623490
vn 0.000000 -0.781831 0.623490
vn 0.000000 -0.781831 0.623490
vn 0.000000 -0.974928 0.222522
vn 0.000000 -0.974928 0.222522
vn 0.000000 -0.974928 0.222522
vn 0.000000 -0.974928 0.222522
vn 0.000000 -0.974928 -0.222522
vn 0.000000 -0.974928 -0.222522
vn 0.000000 -0.974928 -0.222522
vn 0.000000 -0.974928 -0.222522
vn 1.000000 -0.000006 0.000000
vn 1.000000 -0.000006 0.000000
vn 1.000000 -0.000006 0.000000
vn 1.000000 -0.000006 0.000000
vn 1.000000 0.000000 0.000000
vn 1.000000 0.000000 0.000000
vn 1.000000 0.000000 0.000000
vn 1.000000 0.000000 0.000000
vn 1.000000 0.000000 0.000000
vn 1.000000 0.000000 0.000000
vn 1.000000 0.000000 0.000000
vn 1.000000 0.000000 0.000000
vn 1.000000 0.000000 0.000000
vn 1.000000 0.000000 0.000000
vn 1.000000 0.000000 0.000000
vn 1.000000 0.000000 0.000000
vn 1.000000 0.000000 0.000000
vn 1.000000 0.000000 0.000000
vn 1.000000 0.000000 0.000000
vn 1.000000 0.000000 0.000000
vn 1.000000 0.000006 0.000000
vn 1.000000 0.000006 0.000000
vn 1.000000 0.000006 0.000000
vn 1.000000 0.000006 0.000000
vn 1.000000 -0.000003 0.000000
vn 1.000000 -0.000003 0.000000
vn 1.000000 -0.000003 0.000000
vn 1.000000 -0.000003 0.000000
vn 1.000000 0.000011 0.000000
vn 1.000000 0.000011 0.000000
vn 1.000000 0.000011 0.000000
vn 1.000000 0.000011 0.000000
vn 1.000000 -0.000022 0.000000
vn 1.000000 -0.000022 0.000000
vn 1.000000 -0.000022 0.000000
vn 1.000000 -0.000022 0.000000
vn 1.000000 0.000000 0.000000
vn 1.000000 0.000000 0.000000
vn 1.000000 0.000000 0.000000
vn 1.000000 0.000000 0.000000
vn 1.000000 0.000022 0.000000
vn 1.000000 0.000022 0.000000
vn 1.000000 0.000022 0.000000
vn 1.000000 0.000022 0.000000
vn 1.000000 -0.000011 0.000000
vn 1.000000 -0.000011 0.000000
vn 1.000000 -0.000011 0.000000
vn 1.000000 -0.000011 0.000000
vn 1.000000 -0.000006 0.000000
vn 1.000000 -0.000006 0.000000
vn 1.000000 -0.000006 0.000000
vn 1.000000 -0.000006 0.000000
vn 1.000000 0.000000 0.000000
vn 1.000000 0.000000 0.000000
vn 1.000000 0.000000 0.000000
vn 1.000000 0.000000 0.000000
vn 0.000000 0.781831 0.623490
vn 0.000000 0.781831 0.623490
vn 0.000000 0.781831 0.623490
vn 0.000000 0.781831 0.623490
vn 0.000000 0.433884 0.900969
vn 0.000000 0.433884 0.900969
vn 0.000000 0.433884 0.900969
vn 0.000000 0.433884 0.900969
vn 0.000000 0.000000 1.000000
vn 0.000000 0.000000 1.000000
vn 0.000000 0.000000 1.000000
vn 0.000000 0.000000 1.000000
vn 0.000000 -0.433884 0.900969
vn 0.000000 -0.433884 0.900969
vn 0.000000 -0.433884 0.900969
vn 0.000000 -0.433884 0.900969
vn 0.000000 -0.781833 0.623488
vn 0.000000 -0.781833 0.623488
vn 0.000000 -0.781833 0.623488
vn 0.000000 -0.781833 0.623488
vn 0.000000 -0.974927 0.222527
vn 0.000000 -0.974927 0.222527
vn 0.000000 -0.974927 0.222527
vn 0.000000 -0.974927 0.222527
vn 0.000000 -0.974926 -0.222527
vn 0.000000 -0.974926 -0.222527
vn 0.000000 -0.974926 -0.222527
vn 0.000000 -0.974926 -0.222527
vn 0.000000 -0.781833 -0.623488
vn 0.000000 -0.781833 -0.623488
vn 0.000000 -0.781833 -0.623488
vn 0.000000 -0.781833 -0.623488
vn 0.000000 -0.433885 -0.900969
vn 0.000000 -0.433885 -0.900969
vn 0.000000 -0.433885 -0.900969
vn 0.000000 -0.433885 -0.900969
vn 0.000000 0.000000 -1.000000
vn 0.000000 0.000000 -1.000000
vn 0.000000 0.000000 -1.000000
vn 0.000000 0.000000 -1.000000
vn 0.000000 0.433883 -0.900969
vn 0.000000 0.433883 -0.900969
vn 0.000000 0.433883 -0.900969
vn 0.000000 0.433883 -0.900969
vn 0.000000 0.781831 -0.623490
vn 0.000000 0.781831 -0.623490
vn 0.000000 0.781831 -0.623490
vn 0.000000 0.781831 -0.623490
vn 0.000000 0.974928 -0.222520
vn 0.000000 0.974928 -0.222520
vn 0.000000 0.974928 -0.222520
vn 0.000000 0.974928 -0.222520
vn 0.000000 0.974928 0.222521
vn 0.000000 0.974928 0.222521
vn 0.000000 0.974928 0.222521
vn 0.000000 0.974928 0.222521
s 1
g pCylinder8
usemtl aiStandardSurface1SG
f 1/15/1 2/16/2 16/31/3 15/30/4
f 2/16/2 3/17/5 17/32/6 16/31/3
f 3/17/5 4/18/7 18/33/8 17/32/6
f 4/18/7 5/19/9 19/34/10 18/33/8
f 5/19/9 6/20/11 20/35/12 19/34/10
f 6/20/11 7/21/13 21/36/14 20/35/12
f 7/21/13 8/22/15 22/37/16 21/36/14
f 8/22/15 9/23/17 23/38/18 22/37/16
f 9/23/17 10/24/19 24/39/20 23/38/18
f 10/24/19 11/25/21 25/40/22 24/39/20
f 11/25/21 12/26/23 26/41/24 25/40/22
f 12/26/23 13/27/25 27/42/26 26/41/24
f 13/27/25 14/28/27 28/43/28 27/42/26
f 14/28/27 1/29/1 15/44/4 28/43/28
s 2
f 2/2/29 1/1/30 29/59/31
f 3/3/32 2/2/29 29/59/31
f 4/4/33 3/3/32 29/59/31
f 5/5/34 4/4/33 29/59/31
f 6/6/35 5/5/34 29/59/31
f 7/7/36 6/6/35 29/59/31
f 8/8/37 7/7/36 29/59/31
f 9/9/38 8/8/37 29/59/31
f 10/10/39 9/9/38 29/59/31
f 11/11/40 10/10/39 29/59/31
f 12/12/41 11/11/40 29/59/31
f 13/13/42 12/12/41 29/59/31
f 14/14/43 13/13/42 29/59/31
f 1/1/30 14/14/43 29/59/31
s 3
f 30/61/44 31/62/45 32/60/46
f 31/62/45 33/63/47 32/60/46
f 33/63/47 34/64/48 32/60/46
f 34/64/48 35/65/49 32/60/46
f 35/65/49 36/66/50 32/60/46
f 36/66/50 37/67/51 32/60/46
f 37/67/51 38/68/52 32/60/46
f 38/68/52 39/69/53 32/60/46
f 39/69/53 40/70/54 32/60/46
f 40/70/54 41/71/55 32/60/46
f 41/71/55 42/72/56 32/60/46
f 42/72/56 43/73/57 32/60/46
f 43/73/57 44/74/58 32/60/46
f 44/74/58 30/61/44 32/60/46
s 4
f 15/57/59 16/56/60 31/62/61 30/61/62
f 16/56/60 17/55/63 33/63/64 31/62/61
f 17/55/63 18/54/65 34/64/66 33/63/64
f 18/54/65 19/53/67 35/65/68 34/64/66
f 19/53/67 20/52/69 36/66/70 35/65/68
f 20/52/69 21/51/71 37/67/72 36/66/70
f 21/51/71 22/50/73 38/68/74 37/67/72
f 22/50/73 23/49/75 39/69/76 38/68/74
f 23/49/75 24/48/77 40/70/78 39/69/76
f 24/48/77 25/47/79 41/71/80 40/70/78
f 25/47/79 26/46/81 42/72/82 41/71/80
f 26/46/81 27/45/83 43/73/84 42/72/82
f 27/45/83 28/58/85 44/74/86 43/73/84
f 28/58/85 15/57/59 30/61/62 44/74/86
s 5
f 45/75/87 46/76/88 60/77/89 59/78/90
f 46/76/88 47/79/91 61/80/92 60/77/89
f 47/79/91 48/81/93 62/82/94 61/80/92
f 48/81/93 49/83/95 63/84/96 62/82/94
f 49/83/95 50/85/97 64/86/98 63/84/96
f 50/85/97 51/87/99 65/88/100 64/86/98
f 51/87/99 52/89/101 66/90/102 65/88/100
f 52/89/101 53/91/103 67/92/104 66/90/102
f 53/91/103 54/93/105 68/94/106 67/92/104
f 54/93/105 55/95/107 69/96/108 68/94/106
f 55/95/107 56/97/109 70/98/110 69/96/108
f 56/97/109 57/99/111 71/100/112 70/98/110
f 57/99/111 58/101/113 72/102/114 71/100/112
f 58/101/113 45/103/87 59/104/90 72/102/114
s 6
f 46/105/115 45/106/116 73/107/117
f 47/108/118 46/105/115 73/107/117
f 48/109/119 47/108/118 73/107/117
f 49/110/120 48/109/119 73/107/117
f 50/111/121 49/110/120 73/107/117
f 51/112/122 50/111/121 73/107/117
f 52/113/123 51/112/122 73/107/117
f 53/114/124 52/113/123 73/107/117
f 54/115/125 53/114/124 73/107/117
f 55/116/126 54/115/125 73/107/117
f 56/117/127 55/116/126 73/107/117
f 57/118/128 56/117/127 73/107/117
f 58/119/129 57/118/128 73/107/117
f 45/106/116 58/119/129 73/107/117
s 7
f 172/120/130 173/121/131 174/122/132
f 173/121/131 175/123/133 174/122/132
f 175/123/133 176/124/134 174/122/132
f 176/124/134 177/125/135 174/122/132
f 177/125/135 178/126/136 174/122/132
f 178/126/136 179/127/137 174/122/132
f 179/127/137 180/128/138 174/122/132
f 180/128/138 181/129/139 174/122/132
f 181/129/139 182/130/140 174/122/132
f 182/130/140 183/131/141 174/122/132
f 183/131/141 184/132/142 174/122/132
f 184/132/142 185/133/143 174/122/132
f 185/133/143 186/134/144 174/122/132
f 186/134/144 172/120/130 174/122/132
s off
f 59/135/145 60/136/146 75/137/147 74/138/148
f 60/136/149 61/139/150 76/140/151 75/137/152
f 61/139/153 62/141/154 77/142/155 76/140/156
f 62/141/157 63/143/158 78/144/159 77/142/160
f 63/143/161 64/145/162 79/146/163 78/144/164
f 64/145/165 65/147/166 80/148/167 79/146/168
f 65/147/169 66/149/170 81/150/171 80/148/172
f 66/149/173 67/151/174 82/152/175 81/150/176
f 67/151/177 68/153/178 83/154/179 82/152/180
f 68/153/181 69/155/182 84/156/183 83/154/184
f 69/155/185 70/157/186 85/158/187 84/156/188
f 70/157/189 71/159/190 86/160/191 85/158/192
f 71/159/193 72/161/194 87/162/195 86/160/196
f 72/161/197 59/135/198 74/138/199 87/162/200
f 74/138/201 75/137/202 89/163/203 88/164/204
f 75/137/205 76/140/206 90/165/207 89/163/208
f 76/140/209 77/142/210 91/166/211 90/165/212
f 77/142/213 78/144/214 92/167/215 91/166/216
f 78/144/217 79/146/218 93/168/219 92/167/220
f 79/146/221 80/148/222 94/169/223 93/168/224
f 80/148/225 81/150/226 95/170/227 94/169/228
f 81/150/229 82/152/230 96/171/231 95/170/232
f 82/152/233 83/154/234 97/172/235 96/171/236
f 83/154/237 84/156/238 98/173/239 97/172/240
f 84/156/241 85/158/242 99/174/243 98/173/244
f 85/158/245 86/160/246 100/175/247 99/174/248
f 86/160/249 87/162/250 101/176/251 100/175/252
f 87/162/253 74/138/254 88/164/255 101/176/256
f 88/164/257 89/163/258 103/177/259 102/178/260
f 89/163/261 90/165/262 104/179/263 103/177/264
f 90/165/265 91/166/266 105/180/267 104/179/268
f 91/166/269 92/167/270 106/181/271 105/180/272
f 92/167/273 93/168/274 107/182/275 106/181/276
f 93/168/277 94/169/278 108/183/279 107/182/280
f 94/169/281 95/170/282 109/184/283 108/183/284
f 95/170/285 96/171/286 110/185/287 109/184/288
f 96/171/289 97/172/290 111/186/291 110/185/292
f 97/172/293 98/173/294 112/187/295 111/186/296
f 98/173/297 99/174/298 113/188/299 112/187/300
f 99/174/301 100/175/302 114/189/303 113/188/304
f 100/175/305 101/176/306 115/190/307 114/189/308
f 101/176/309 88/164/310 102/178/311 115/190/312
f 102/178/313 103/177/314 117/191/315 116/192/316
f 103/177/317 104/179/318 118/193/319 117/191/320
f 104/179/321 105/180/322 119/194/323 118/193/324
f 105/180/325 106/181/326 120/195/327 119/194/328
f 106/181/329 107/182/330 121/196/331 120/195/332
f 107/182/333 108/183/334 122/197/335 121/196/336
f 108/183/337 109/184/338 123/198/339 122/197/340
f 109/184/341 110/185/342 124/199/343 123/198/344
f 110/185/345 111/186/346 125/200/347 124/199/348
f 111/186/349 112/187/350 126/201/351 125/200/352
f 112/187/353 113/188/354 127/202/355 126/201/356
f 113/188/357 114/189/358 128/203/359 127/202/360
f 114/189/361 115/190/362 129/204/363 128/203/364
f 115/190/365 102/178/366 116/192/367 129/204/368
f 116/192/369 117/191/370 131/205/371 130/206/372
f 117/191/373 118/193/374 132/207/375 131/205/376
f 118/193/377 119/194/378 133/208/379 132/207/380
f 119/194/381 120/195/382 134/209/383 133/208/384
f 120/195/385 121/196/386 135/210/387 134/209/388
f 121/196/389 122/197/390 136/211/391 135/210/392
f 122/197/393 123/198/394 137/212/395 136/211/396
f 123/198/397 124/199/398 138/213/399 137/212/400
f 124/199/401 125/200/402 139/214/403 138/213/404
f 125/200/405 126/201/406 140/215/407 139/214/408
f 126/201/409 127/202/410 141/216/411 140/215/412
f 127/202/413 128/203/414 142/217/415 141/216/416
f 128/203/417 129/204/418 143/218/419 142/217/420
f 129/204/421 116/192/422 130/206/423 143/218/424
f 130/206/425 131/205/426 145/219/427 144/220/428
f 131/205/429 132/207/430 146/221/431 145/219/432
f 132/207/433 133/208/434 147/222/435 146/221/436
f 133/208/437 134/209/438 148/223/439 147/222/440
f 134/209/441 135/210/442 149/224/443 148/223/444
f 135/210/445 136/211/446 150/225/447 149/224/448
f 136/211/449 137/212/450 151/226/451 150/225/452
f 137/212/453 138/213/454 152/227/455 151/226/456
f 138/213/457 139/214/458 153/228/459 152/227/460
f 139/214/461 140/215/462 154/229/463 153/228/464
f 140/215/465 141/216/466 155/230/467 154/229/468
f 141/216/469 142/217/470 156/231/471 155/230/472
f 142/217/473 143/218/474 157/232/475 156/231/476
f 143/218/477 130/206/478 144/220/479 157/232/480
f 144/220/481 145/219/482 159/233/483 158/234/484
f 145/219/485 146/221/486 160/235/487 159/233/488
f 146/221/489 147/222/490 161/236/491 160/235/492
f 147/222/493 148/223/494 162/237/495 161/236/496
f 148/223/497 149/224/498 163/238/499 162/237/500
f 149/224/501 150/225/502 164/239/503 163/238/504
f 150/225/505 151/226/506 165/240/507 164/239/508
f 151/226/509 152/227/510 166/241/511 165/240/512
f 152/227/513 153/228/514 167/242/515 166/241/516
f 153/228/517 154/229/518 168/243/519 167/242/520
f 154/229/521 155/230/522 169/244/523 168/243/524
f 155/230/525 156/231/526 170/245/527 169/244/528
f 156/231/529 157/232/530 171/246/531 170/245/532
f 157/232/533 144/220/534 158/234/535 171/246/536
f 158/234/537 159/233/538 173/121/539 172/120/540
f 159/233/541 160/235/542 175/123/543 173/121/544
f 160/235/545 161/236/546 176/124/547 175/123/548
f 161/236/549 162/237/550 177/125/551 176/124/552
f 162/237/553 163/238/554 178/126/555 177/125/556
f 163/238/557 164/239/558 179/127/559 178/126/560
f 164/239/561 165/240/562 180/128/563 179/127/564
f 165/240/565 166/241/566 181/129/567 180/128/568
f 166/241/569 167/242/570 182/130/571 181/129/572
f 167/242/573 168/243/574 183/131/575 182/130/576
f 168/243/577 169/244/578 184/132/579 183/131/580
f 169/244/581 170/245/582 185/133/583 184/132/584
f 170/245/585 171/246/586 186/134/587 185/133/588
f 171/246/589 158/234/590 172/120/591 186/134/592
s 8
f 187/247/593 195/248/594 196/249/595 189/250/596
s 9
f 191/251/597 197/252/598 198/253/599 193/254/600
s 10
f 193/254/601 198/253/602 195/255/603 187/256/604
s off
f 320/257/605 319/258/606 321/259/607 322/260/608
f 193/261/609 187/247/610 189/250/611 207/262/612 213/263/613 191/264/614
s 8
f 196/249/595 195/248/594 201/265/615 202/266/616
s 9
f 198/253/599 197/252/598 205/267/617 206/268/618
s 10
f 195/255/603 198/253/602 206/268/619 201/265/620
s off
f 190/269/621 192/270/622 200/271/623 199/272/624
s 8
f 202/266/616 201/265/615 188/273/625 190/269/626
s 9
f 206/268/618 205/267/617 192/270/627 194/274/628
s off
f 203/275/629 328/276/630 327/277/631 209/278/632 211/279/633
f 204/280/634 343/281/635 342/282/636 218/283/637 216/284/638
f 197/252/639 191/251/640 213/285/641 214/286/642
f 205/267/643 197/252/644 214/286/645 217/287/646
f 192/270/647 205/267/648 217/287/649 200/288/650
f 189/250/651 196/249/652 208/289/653 207/290/654
f 196/249/655 202/266/656 210/291/657 208/289/658
f 202/266/659 190/269/660 199/292/661 210/291/662
f 370/293/663 367/294/664 209/295/665 215/296/666
f 213/263/667 207/262/668 368/297/669 369/298/670
f 212/299/671 199/292/672 200/288/673 218/283/674
s 11
f 207/290/675 208/289/676 220/300/677 253/301/678 235/302/679 247/303/680 219/304/681
f 209/295/682 367/294/683 366/305/684 222/306/685 255/307/686 236/308/687 254/309/688 221/310/689
f 208/286/690 210/285/691 223/311/692 259/312/693 239/313/694 249/314/695 220/315/696
f 211/279/697 209/278/698 221/316/699 261/317/700 240/318/701 260/319/702 224/311/703
f 210/278/704 199/320/705 225/321/706 266/322/707 243/323/708 265/324/709 223/316/710
s off
f 199/289/711 212/291/712 226/325/713 225/300/714
s 11
f 212/299/715 211/326/716 224/310/717 251/327/718 244/328/719 267/329/720 226/330/721
s 17
f 214/287/722 213/286/723 227/315/724 256/331/725 237/332/726 248/333/727 228/334/728
f 213/335/729 372/336/730 371/337/731 229/338/732 227/339/724
f 217/292/733 214/340/734 228/330/735 263/341/736 241/342/737 262/343/738 232/344/739
f 215/345/740 216/340/741 231/330/742 250/346/743 242/347/744 264/348/745 230/330/746
f 200/288/747 217/287/748 232/334/749 268/349/750 245/350/751 252/351/752 233/352/753
f 216/284/754 218/283/755 234/353/756 270/354/757 246/355/758 269/356/759 231/357/760
s off
f 218/283/761 200/288/762 233/352/763 234/353/764
s 11
f 247/303/680 235/302/679 236/308/687 255/307/686
s 17
f 272/358/765 271/359/766 273/360/767 274/361/768
s 11
f 249/362/695 239/363/694 240/364/701 261/365/700
s 17
f 262/366/738 250/367/743 231/357/760 232/334/749
s 11
f 276/368/769 275/369/770 277/370/771 278/371/772
s 17
f 280/372/773 279/373/774 281/374/775 282/375/776
s 11
f 253/301/678 220/300/696 221/310/699 254/309/688
f 283/376/777 284/377/778 285/378/779 286/379/780
f 287/380/781 288/381/782 289/382/783 290/383/784
s 17
f 292/384/785 291/385/786 293/386/787 294/387/788
f 256/388/725 257/389/789 238/390/790 237/391/726
f 248/392/727 258/393/791 230/321/746 228/315/735
s 11
f 259/394/693 223/325/710 224/330/717 260/395/702
f 295/396/792 296/397/793 297/398/794 298/399/795
f 299/400/796 300/401/797 301/402/798 302/403/799
s 17
f 304/404/800 303/405/801 305/406/802 306/407/803
f 308/408/804 307/409/805 309/410/806 310/411/807
f 263/412/736 264/413/745 242/414/744 241/415/737
s 11
f 265/416/709 243/417/708 244/418/719 251/419/718
f 266/420/707 225/344/808 226/330/809 267/421/720
f 311/422/810 312/423/811 313/424/812 314/425/813
s 17
f 316/426/814 315/427/815 317/428/816 318/429/817
f 268/349/750 269/356/759 246/355/758 245/350/751
f 252/351/752 270/354/757 234/353/818 233/352/819
f 248/392/727 237/391/726 271/359/766 272/358/765
f 237/391/726 238/390/790 273/360/767 271/359/766
f 238/390/790 258/393/791 274/361/768 273/360/767
f 258/393/791 248/392/727 272/358/765 274/361/768
s 11
f 265/416/709 251/419/718 275/369/770 276/368/769
f 251/419/718 224/330/717 277/370/771 275/369/770
f 224/330/717 223/325/710 278/371/772 277/370/771
f 223/325/710 265/416/709 276/368/769 278/371/772
s 17
f 252/351/752 245/350/751 279/373/774 280/372/773
f 245/350/751 246/355/758 281/374/775 279/373/774
f 246/355/758 270/354/757 282/375/776 281/374/775
f 270/354/757 252/351/752 280/372/773 282/375/776
s 11
f 253/301/678 254/309/688 284/377/778 283/376/777
f 254/309/688 236/308/687 285/378/779 284/377/778
f 236/308/687 235/302/679 286/379/780 285/378/779
f 235/302/679 253/301/678 283/376/777 286/379/780
f 247/303/680 255/307/686 288/381/782 287/380/781
f 255/307/686 222/306/685 289/382/783 288/381/782
f 222/306/685 219/304/681 290/383/784 289/382/783
f 219/304/681 247/303/680 287/380/781 290/383/784
s 17
f 256/388/725 227/311/724 291/385/786 292/384/785
f 227/311/724 229/316/732 293/386/787 291/385/786
f 229/316/732 257/389/789 294/387/788 293/386/787
f 257/389/789 256/388/725 292/384/785 294/387/788
s 11
f 259/394/693 260/395/702 296/397/793 295/396/792
f 260/395/702 240/364/701 297/398/794 296/397/793
f 240/364/701 239/363/694 298/399/795 297/398/794
f 239/363/694 259/394/693 295/396/792 298/399/795
f 249/362/695 261/365/700 300/401/797 299/400/796
f 261/365/700 221/310/699 301/402/798 300/401/797
f 221/310/699 220/300/696 302/403/799 301/402/798
f 220/300/696 249/362/695 299/400/796 302/403/799
s 17
f 262/366/738 241/415/737 303/405/801 304/404/800
f 241/415/737 242/414/744 305/406/802 303/405/801
f 242/414/744 250/367/743 306/407/803 305/406/802
f 250/367/743 262/366/738 304/404/800 306/407/803
f 263/412/736 228/315/735 307/409/805 308/408/804
f 228/315/735 230/321/746 309/410/806 307/409/805
f 230/321/746 264/413/745 310/411/807 309/410/806
f 264/413/745 263/412/736 308/408/804 310/411/807
s 11
f 266/420/707 267/421/720 312/423/811 311/422/810
f 267/421/720 244/418/719 313/424/812 312/423/811
f 244/418/719 243/417/708 314/425/813 313/424/812
f 243/417/708 266/420/707 311/422/810 314/425/813
s 17
f 268/349/750 232/334/749 315/427/815 316/426/814
f 232/334/749 231/357/760 317/428/816 315/427/815
f 231/357/760 269/356/759 318/429/817 317/428/816
f 269/356/759 268/349/750 316/426/814 318/429/817
s 30
f 188/273/820 194/274/821 323/430/822 324/431/823
s 31
f 194/274/824 192/432/825 326/433/826 323/430/827
s 32
f 192/432/828 190/269/829 325/434/830 326/433/831
s 33
f 190/269/832 188/273/833 324/431/834 325/434/835
s 30
f 324/431/823 323/430/822 319/258/836 320/257/837
s 33
f 325/434/835 324/431/834 320/257/838 322/260/839
s 32
f 326/433/831 325/434/830 322/260/840 321/259/841
s 31
f 323/430/827 326/433/826 321/259/842 319/258/843
s off
f 188/273/844 201/265/845 206/268/846 194/274/847
f 331/435/848 332/436/849 204/437/850 216/340/851 215/345/852
f 335/438/853 337/439/854 203/440/855 211/326/856 212/299/857
f 342/282/858 344/441/859 336/442/860 335/438/861 212/299/862 218/283/863
f 327/443/864 328/444/865 330/445/866 329/446/867
s 34
f 329/446/868 330/445/869 340/447/870 341/448/871
s off
f 332/449/872 331/450/873 334/451/874 333/452/875
s 35
f 333/452/876 334/451/877 347/453/878 348/454/879
s 36
f 337/455/880 336/442/881 339/456/882 338/457/883
f 338/457/883 339/456/882 361/458/884 360/459/885
s 34
f 341/448/871 340/447/870 350/460/886 349/461/887
s 37
f 344/441/888 343/281/889 346/462/890 345/463/891
f 345/463/891 346/462/890 364/464/892 363/465/893
s 35
f 348/454/879 347/453/878 352/466/894 351/467/895
s off
f 349/461/896 350/460/897 358/468/898 357/469/899
f 351/467/900 352/466/901 354/470/902 353/471/903
f 353/471/904 355/472/905 362/473/906 364/464/907
f 355/472/908 354/470/909 357/469/910 356/474/911
f 356/474/912 358/468/913 360/459/914 359/475/915
f 359/475/916 361/458/917 363/465/918 362/473/919
f 334/451/920 329/446/921 341/448/922 347/453/923
f 334/451/924 331/450/925 215/296/926 209/295/927 327/443/928 329/446/929
s 38
f 330/445/930 328/444/931 203/476/932 340/447/933
s 39
f 339/456/934 336/442/935 344/441/936 345/463/937
s 40
f 348/454/938 204/280/939 332/449/940 333/452/941
s 38
f 340/447/933 203/476/932 337/455/942 338/457/943 350/460/944
s off
f 355/472/945 356/474/946 359/475/947 362/473/948
s 40
f 346/462/949 343/281/950 204/280/939 348/454/938 351/467/951
s off
f 347/453/952 341/448/953 349/461/954 352/466/955
f 352/466/956 349/461/957 357/469/958 354/470/959
s 38
f 350/460/944 338/457/943 360/459/960 358/468/961
s 39
f 339/456/934 345/463/937 363/465/962 361/458/963
s 40
f 346/462/949 351/467/951 353/471/964 364/464/965
s off
f 335/438/966 336/442/967 337/455/968
f 342/282/969 343/281/970 344/441/971
f 353/471/972 354/470/973 355/472/974
f 356/474/975 357/469/976 358/468/977
f 359/475/978 360/459/979 361/458/980
f 362/473/981 363/465/982 364/464/983
s 11
f 366/305/684 365/477/984 207/290/985 219/304/681 222/306/685
s 17
f 371/478/731 370/479/986 215/480/987 230/481/988 258/482/791 238/483/790 257/484/789 229/485/732
s off
f 368/297/989 367/294/990 370/293/991 369/298/992
s 11
f 365/486/984 366/305/684 367/294/683 368/297/993
s 17
f 369/298/994 370/293/986 371/487/731 372/488/730
s 41
f 373/489/995 374/490/996 375/491/997 376/492/998
s 42
f 377/493/999 378/494/1000 379/495/1001 380/496/1002
f 381/497/1003 382/498/1004 383/499/1005 384/500/1006
s 41
f 374/490/996 385/501/1007 386/502/1008 375/491/997
f 387/503/1009 388/504/1010 389/505/1011 390/506/1012
s 42
f 391/507/1013 381/497/1003 384/500/1006 392/508/1014
f 378/494/1000 393/509/1015 394/510/1016 379/495/1001
f 393/509/1015 395/511/1017 396/512/1018 394/510/1016
f 395/511/1017 391/507/1013 392/508/1014 396/512/1018
s 41
f 385/501/1007 397/513/1019 398/514/1020 386/502/1008
f 399/515/1021 387/503/1009 390/506/1012 400/516/1022
f 401/517/1023 399/515/1021 400/516/1022 382/498/1024
f 397/513/1019 402/518/1025 377/493/1026 398/514/1020
f 402/518/1025 403/519/1027 378/494/1028 377/493/1026
f 404/520/1029 401/517/1023 382/498/1024 381/497/1030
s 45
f 405/521/1031 406/522/1032 407/523/1033 408/524/1034
f 406/522/1032 409/525/1035 410/526/1036 407/523/1033
f 409/525/1035 411/527/1037 412/528/1038 410/526/1036
f 413/529/1039 405/530/1031 408/531/1034 414/532/1040
s 41
f 415/533/1041 404/520/1029 381/497/1030 391/507/1042
f 403/519/1027 416/534/1043 393/509/1044 378/494/1028
f 416/534/1043 417/535/1045 395/511/1046 393/509/1044
f 417/535/1045 415/533/1041 391/507/1042 395/511/1046
s 45
f 373/536/1047 413/537/1039 414/532/1040 418/538/1048
f 411/539/1037 419/540/1049 420/541/1050 412/528/1038
f 419/540/1049 388/542/1051 421/543/1052 420/541/1050
f 374/544/1053 373/536/1047 418/538/1048 422/545/1054
f 385/546/1055 374/547/1053 422/545/1054 423/548/1056
f 388/549/1051 387/550/1057 424/551/1058 421/543/1052
f 397/552/1059 385/546/1055 423/548/1056 425/553/1060
f 387/550/1057 399/554/1061 426/555/1062 424/551/1058
s 46
f 429/556/1063 427/557/1064 428/558/1065 448/559/1066
s 45
f 399/560/1061 401/561/1067 430/562/1068 426/555/1062
f 402/563/1069 397/564/1059 425/553/1060 431/565/1070
f 403/566/1071 402/563/1069 431/565/1070 432/567/1072
f 401/561/1067 404/568/1073 433/569/1074 430/562/1068
s 46
f 436/570/1075 434/571/1076 435/572/1077 464/573/1078
s 45
f 404/574/1073 415/575/1079 437/576/1080 433/569/1074
f 416/577/1081 403/578/1071 432/567/1072 438/579/1082
f 417/580/1083 416/577/1081 438/579/1082 439/581/1084
s 46
f 440/582/1085 441/583/1086 442/584/1087 428/558/1065
s 45
f 415/575/1079 417/585/1083 439/581/1084 437/576/1080
s 46
f 441/583/1086 443/586/1088 444/587/1089 442/584/1087
s 49
f 408/588/1090 407/589/1091 445/590/1092 446/591/1093
f 407/589/1091 410/592/1094 447/593/1095 445/590/1092
s 46
f 443/586/1088 449/594/1096 450/595/1097 444/587/1089
s 50
f 451/596/1098 452/597/1099 441/583/1100 440/582/1101
s 49
f 410/592/1094 412/598/1102 453/599/1103 447/593/1095
s 50
f 452/597/1099 454/600/1104 443/586/1105 441/583/1100
s 49
f 414/601/1106 408/602/1090 446/591/1093 455/603/1107
s 46
f 456/604/1108 440/582/1085 428/558/1065 427/557/1064
s 50
f 454/600/1104 457/605/1109 449/594/1110 443/586/1105
f 458/606/1111 451/596/1098 440/582/1101 456/604/1112
s 51
f 446/591/1113 445/590/1114 452/597/1115 451/596/1116
f 445/590/1114 447/593/1117 454/600/1118 452/597/1115
s 49
f 418/607/1119 414/608/1106 455/603/1107 459/609/1120
f 412/610/1102 420/611/1121 460/612/1122 453/599/1103
s 51
f 447/593/1117 453/599/1123 457/605/1124 454/600/1118
f 455/603/1125 446/591/1113 451/596/1116 458/606/1126
s 46
f 461/613/1127 456/604/1108 427/557/1064 435/572/1077
f 449/594/1096 462/614/1128 463/615/1129 450/595/1097
s 50
f 465/616/1130 458/606/1111 456/604/1112 461/613/1131
f 457/605/1109 466/617/1132 462/614/1133 449/594/1110
s 51
f 459/609/1134 455/603/1125 458/606/1126 465/616/1135
f 453/599/1123 460/612/1136 466/617/1137 457/605/1124
s 49
f 420/611/1121 421/618/1138 467/619/1139 460/612/1122
f 422/620/1140 418/607/1119 459/609/1120 468/621/1141
s 51
f 460/612/1136 467/619/1142 469/622/1143 466/617/1137
f 468/621/1144 459/609/1134 465/616/1135 470/623/1145
s 50
f 466/617/1132 469/622/1146 471/624/1147 462/614/1133
f 470/623/1148 465/616/1130 461/613/1131 472/625/1149
s 46
f 450/595/1097 463/615/1129 473/626/1150 474/627/1151
f 462/614/1128 471/624/1152 475/628/1153 463/615/1129
f 472/625/1154 461/613/1127 435/572/1077 434/571/1076
s 49
f 423/629/1155 422/630/1140 468/621/1141 476/631/1156
f 421/632/1138 424/633/1157 477/634/1158 467/619/1139
s 46
f 480/635/1159 478/636/1160 479/637/1161 521/638/1162
s 51
f 476/631/1163 468/621/1144 470/623/1145 481/639/1164
f 467/619/1142 477/634/1165 482/640/1166 469/622/1143
s 50
f 481/639/1167 470/623/1148 472/625/1149 483/641/1168
f 469/622/1146 482/640/1169 484/642/1170 471/624/1147
s 49
f 425/643/1171 423/629/1155 476/631/1156 485/644/1172
f 424/633/1157 426/645/1173 486/646/1174 477/634/1158
s 46
f 483/641/1175 472/625/1154 434/571/1076 487/647/1176
f 471/624/1152 484/642/1177 488/648/1178 475/628/1153
s 51
f 485/644/1179 476/631/1163 481/639/1164 489/649/1180
f 477/634/1165 486/646/1181 490/650/1182 482/640/1166
s 53
f 491/651/1183 492/652/1184 493/653/1185
s 50
f 489/649/1186 481/639/1167 483/641/1168 494/654/1187
f 482/640/1169 490/650/1188 495/655/1189 484/642/1170
s 49
f 426/656/1173 430/657/1190 496/658/1191 486/646/1174
f 431/659/1192 425/660/1171 485/644/1172 497/661/1193
s 53
f 498/662/1194 499/663/1195 500/664/1196
s 51
f 486/646/1181 496/658/1197 501/665/1198 490/650/1182
f 497/661/1199 485/644/1179 489/649/1180 502/666/1200
s 53
f 503/667/1201 504/668/1202 505/669/1203
s off
f 506/670/1204 507/671/1205 508/672/1206 509/673/1207
s 49
f 432/674/1208 431/659/1192 497/661/1193 510/675/1209
f 430/657/1190 433/676/1210 511/677/1211 496/658/1191
s 46
f 494/654/1212 483/641/1175 487/647/1176 512/678/1213
f 484/642/1177 495/655/1214 513/679/1215 488/648/1178
s 51
f 510/675/1216 497/661/1199 502/666/1200 514/680/1217
f 496/658/1197 511/677/1218 515/681/1219 501/665/1198
s 50
f 490/650/1188 501/665/1220 516/682/1221 495/655/1189
f 502/666/1222 489/649/1186 494/654/1187 517/683/1223
s 53
f 518/684/1224 519/685/1225 520/686/1226
s 49
f 433/687/1210 437/688/1227 522/689/1228 511/677/1211
f 438/690/1229 432/691/1208 510/675/1209 523/692/1230
s 51
f 511/677/1218 522/689/1231 524/693/1232 515/681/1219
f 523/692/1233 510/675/1216 514/680/1217 525/694/1234
s 53
f 526/695/1235 527/696/1236 528/697/1237
s 49
f 439/698/1238 438/690/1229 523/692/1230 529/699/1239
f 437/688/1227 439/700/1238 529/699/1239 522/689/1228
s 51
f 529/699/1240 523/692/1233 525/694/1234 530/701/1241
f 522/689/1231 529/699/1240 530/701/1241 524/693/1232
s 50
f 514/680/1242 502/666/1222 517/683/1223 531/702/1243
f 501/665/1220 515/681/1244 532/703/1245 516/682/1221
s 53
f 533/704/1246 534/705/1247 535/706/1248
s 46
f 495/655/1214 516/682/1249 536/707/1250 513/679/1215
f 517/683/1251 494/654/1212 512/678/1213 537/708/1252
f 428/558/1065 442/584/1087 538/709/1253 448/559/1066
s 50
f 515/681/1244 524/693/1254 539/710/1255 532/703/1245
s 46
f 442/584/1087 444/587/1089 540/711/1256 538/709/1253
s 50
f 525/694/1257 514/680/1242 531/702/1243 541/712/1258
f 530/701/1259 525/694/1257 541/712/1258 542/713/1260
f 524/693/1254 530/701/1259 542/713/1260 539/710/1255
s 53
f 543/714/1261 544/715/1262 545/716/1263
f 546/717/1264 547/718/1265 548/719/1266
s 46
f 531/702/1267 517/683/1251 537/708/1252 549/720/1268
f 516/682/1249 532/703/1269 478/636/1160 536/707/1250
s 53
f 550/721/1270 551/722/1271 552/723/1272
s 46
f 435/572/1077 427/557/1064 429/556/1063 464/573/1078
s off
f 553/724/1273 554/725/1274 555/726/1275 556/727/1276
s 53
f 557/728/1277 558/729/1278 559/730/1279
s off
f 560/731/1280 561/732/1281 562/733/1282 563/734/1283
s 46
f 532/703/1269 539/710/1284 479/637/1161 478/636/1160
f 541/712/1285 531/702/1267 549/720/1268 564/735/1286
f 542/713/1287 541/712/1285 564/735/1286 565/736/1288
f 539/710/1284 542/713/1287 565/736/1288 479/637/1161
f 549/720/1268 537/708/1252 566/737/1289 567/738/1290
s off
f 568/739/1291 569/740/1292 570/741/1293 571/742/1294
f 500/664/1295 493/653/1296 572/743/1297 573/744/1298
s 46
f 487/647/1176 434/571/1076 436/570/1075 574/745/1299
f 475/628/1153 488/648/1178 575/746/1300 576/747/1301
s off
f 520/686/1302 500/664/1303 573/744/1304 577/748/1305
f 535/706/1306 520/686/1307 577/748/1308 578/749/1309
s 46
f 512/678/1213 487/647/1176 574/745/1299 579/750/1310
f 488/648/1178 513/679/1215 580/751/1311 575/746/1300
s off
f 581/752/1312 582/753/1313 583/754/1314 584/755/1315
s 46
f 513/679/1215 536/707/1250 585/756/1316 580/751/1311
f 586/757/1317 587/758/1318 588/759/1319 589/760/1320
s off
f 545/716/1321 552/723/1322 590/761/1323 591/762/1324
s 46
f 448/559/1066 538/709/1253 491/651/1325 499/663/1326
f 538/709/1253 540/711/1256 492/652/1327 491/651/1325
f 540/711/1256 588/759/1319 503/667/1328 492/652/1327
f 429/556/1063 448/559/1066 499/663/1326 498/662/1329
s off
f 592/763/1330 593/764/1331 594/765/1332 595/766/1333
s 46
f 536/707/1250 478/636/1160 480/635/1159 585/756/1316
f 464/573/1078 429/556/1063 498/662/1329 519/685/1334
f 588/759/1319 587/758/1318 504/668/1335 503/667/1328
f 565/736/1288 564/735/1286 596/767/1336 597/768/1337
f 479/637/1161 565/736/1288 597/768/1337 521/638/1162
s 53
f 499/663/1195 491/651/1183 493/653/1185 500/664/1196
s 46
f 587/758/1318 576/747/1301 526/695/1338 504/668/1335
f 436/570/1075 464/573/1078 519/685/1334 518/684/1339
s 53
f 492/652/1184 503/667/1201 505/669/1203 493/653/1185
s off
f 505/669/1340 528/697/1341 598/769/1342 599/770/1343
s 53
f 500/664/1196 520/686/1226 519/685/1225 498/662/1194
s 46
f 574/745/1299 436/570/1075 518/684/1339 534/705/1344
f 576/747/1301 575/746/1300 527/696/1345 526/695/1338
s 53
f 528/697/1237 505/669/1203 504/668/1202 526/695/1235
f 520/686/1226 535/706/1248 534/705/1247 518/684/1224
s 46
f 579/750/1310 574/745/1299 534/705/1344 533/704/1346
f 575/746/1300 580/751/1311 543/714/1347 527/696/1345
s off
f 559/730/1348 548/719/1349 600/771/1350 601/772/1351
s 53
f 545/716/1263 528/697/1237 527/696/1236 543/714/1261
s 46
f 602/773/1352 603/774/1353 604/775/1354 605/776/1355
f 580/751/1311 585/756/1316 544/715/1356 543/714/1347
f 603/774/1353 579/750/1310 533/704/1346 547/718/1357
s 53
f 535/706/1248 548/719/1266 547/718/1265 533/704/1246
f 552/723/1272 545/716/1263 544/715/1262 550/721/1270
s 46
f 604/775/1354 603/774/1353 547/718/1357 546/717/1358
f 585/756/1316 480/635/1159 550/721/1359 544/715/1356
s 53
f 548/719/1266 559/730/1279 558/729/1278 546/717/1264
s 46
f 480/635/1159 521/638/1162 551/722/1360 550/721/1359
s 53
f 559/730/1279 552/723/1272 551/722/1271 557/728/1277
s 46
f 596/767/1336 604/775/1354 546/717/1358 558/729/1361
f 597/768/1337 596/767/1336 558/729/1361 557/728/1362
f 521/638/1162 597/768/1337 557/728/1362 551/722/1360
s off
f 561/777/1363 474/778/1364 473/779/1365 570/780/1366 569/781/1367 506/782/1368 509/783/1369 562/784/1370
s 46
f 444/587/1089 450/595/1097 474/627/1151 561/785/1371 560/786/1372 589/760/1320 588/759/1319 540/711/1256
s off
f 582/787/1373 553/788/1374 556/789/1375 594/790/1376 593/791/1377 567/792/1378 566/793/1379 583/794/1380
s 46
f 463/615/1129 475/628/1153 576/747/1301 587/758/1318 586/757/1317 571/795/1381 570/796/1382 473/626/1150
s off
f 493/653/1383 505/669/1384 599/770/1385 563/797/1386 562/798/1387 509/673/1388 508/672/1389 572/743/1390
f 528/697/1391 545/716/1392 591/762/1393 507/671/1394 506/670/1395 569/799/1396 568/800/1397 598/769/1398
f 548/719/1399 535/706/1400 578/749/1401 554/725/1402 553/724/1403 582/801/1404 581/802/1405 600/771/1406
s 46
f 537/708/1252 512/678/1213 579/750/1310 603/774/1353 602/773/1352 584/803/1407 583/804/1408 566/737/1289
s off
f 563/805/1409 599/806/1410 598/807/1411 568/808/1412 571/809/1413 586/810/1414 589/811/1415 560/812/1416
f 552/723/1417 559/730/1418 601/772/1419 595/813/1420 594/814/1421 556/727/1422 555/726/1423 590/761/1424
f 573/744/1425 572/743/1426 508/672/1427 507/671/1428 591/762/1429 590/761/1430 555/726/1431 554/725/1432 578/749/1433 577/748/1434
s 46
f 564/735/1286 549/720/1268 567/738/1290 593/815/1435 592/816/1436 605/776/1355 604/775/1354 596/767/1336
s off
f 584/817/1437 602/818/1438 605/819/1439 592/820/1440 595/821/1441 601/822/1442 600/823/1443 581/824/1444
s 41
f 388/504/1010 419/825/1445 606/826/1446 389/505/1011
s 42
f 398/514/1447 377/493/999 380/496/1002 607/827/1448
f 382/498/1004 400/516/1449 608/828/1450 383/499/1005
s 41
f 419/825/1445 411/829/1451 609/830/1452 606/826/1446
f 413/831/1453 373/489/995 376/492/998 610/832/1454
s 58
f 613/833/1455 611/834/1456 612/835/1457 616/836/1458
s off
f 396/512/1459 392/508/1460 614/837/1461 612/835/1462
f 394/510/1463 396/512/1464 612/835/1465 611/834/1466
s 41
f 405/838/1467 413/831/1453 610/832/1454 615/839/1468
s 42
f 400/516/1449 390/506/1469 617/840/1470 608/828/1450
f 386/502/1471 398/514/1447 607/827/1448 618/841/1472
s 41
f 411/829/1451 409/842/1473 619/843/1474 609/830/1452
s off
f 379/495/1475 394/510/1476 611/834/1477 620/844/1478
s 58
f 623/845/1479 621/846/1480 622/847/1481 626/848/1482
s off
f 392/508/1483 384/500/1484 621/846/1485 614/837/1486
s 41
f 409/842/1473 406/849/1487 624/850/1488 619/843/1474
f 406/849/1487 405/838/1467 615/839/1468 624/850/1488
s 58
f 612/835/1457 614/837/1489 625/851/1490 616/836/1458
f 626/848/1482 622/847/1481 627/852/1491 635/853/1492
s off
f 384/500/1493 383/499/1494 622/847/1495 621/846/1496
s 58
f 620/844/1497 611/834/1456 613/833/1455 628/854/1498
s off
f 380/496/1499 379/495/1500 620/844/1501 629/855/1502
s 58
f 614/837/1489 621/846/1480 623/845/1479 625/851/1490
s 42
f 390/506/1469 389/505/1503 630/856/1504 617/840/1470
f 375/491/1505 386/502/1471 618/841/1472 631/857/1506
s 60
f 632/858/1507 633/859/1508 634/860/1509
f 636/861/1510 637/862/1511 638/863/1512
f 639/864/1513 640/865/1514 641/866/1515
s 58
f 644/867/1516 642/868/1517 643/869/1518 645/870/1519
f 629/855/1520 620/844/1497 628/854/1498 646/871/1521
s off
f 607/827/1522 380/496/1523 629/855/1524 643/869/1525
f 383/499/1526 608/828/1527 627/852/1528 622/847/1529
f 636/861/1530 633/859/1531 616/836/1532 625/851/1533
s 60
f 647/872/1534 648/873/1535 649/874/1536
s 58
f 652/875/1537 650/876/1538 651/877/1539 658/878/1540
s 42
f 376/492/1541 375/491/1505 631/857/1506 653/879/1542
s off
f 633/859/1543 632/858/1544 613/833/1545 616/836/1546
s 42
f 389/505/1503 606/826/1547 654/880/1548 630/856/1504
s off
f 632/858/1549 640/865/1550 628/854/1551 613/833/1552
f 637/862/1553 636/861/1554 625/851/1555 623/845/1556
s 60
f 655/881/1557 656/882/1558 657/883/1559
s 58
f 643/869/1518 629/855/1520 646/871/1521 645/870/1519
s 42
f 606/826/1547 609/830/1560 659/884/1561 654/880/1548
s 60
f 660/885/1562 661/886/1563 662/887/1564
s off
f 608/828/1565 617/840/1566 650/876/1567 627/852/1568
f 618/841/1569 607/827/1570 643/869/1571 642/868/1572
s 42
f 610/832/1573 376/492/1541 653/879/1542 663/888/1574
s off
f 647/872/1575 637/862/1576 623/845/1577 626/848/1578
s 58
f 666/889/1579 664/890/1580 665/891/1581 667/892/1582
s off
f 640/865/1583 639/864/1584 646/871/1585 628/854/1586
s 60
f 668/893/1587 669/894/1588 670/895/1589
s 42
f 615/839/1590 610/832/1573 663/888/1574 671/896/1591
f 609/830/1560 619/843/1592 672/897/1593 659/884/1561
s 60
f 638/863/1512 634/860/1509 633/859/1508 636/861/1510
f 673/898/1594 674/899/1595 675/900/1596
f 634/860/1509 641/866/1515 640/865/1514 632/858/1507
s 42
f 619/843/1592 624/850/1597 676/901/1598 672/897/1593
f 624/850/1597 615/839/1590 671/896/1591 676/901/1598
s 60
f 677/902/1599 678/903/1600 679/904/1601
s 58
f 627/852/1491 650/876/1538 652/875/1537 635/853/1492
s off
f 639/864/1602 656/882/1603 645/870/1604 646/871/1605
f 648/873/1606 647/872/1607 626/848/1608 635/853/1609
s 60
f 680/905/1610 681/906/1611 682/907/1612
s 58
f 685/908/1613 683/909/1614 684/910/1615 686/911/1616
s off
f 617/840/1617 630/856/1618 651/877/1619 650/876/1620
f 631/857/1621 618/841/1622 642/868/1623 665/891/1624
s 60
f 649/874/1536 638/863/1512 637/862/1511 647/872/1534
f 641/866/1515 657/883/1559 656/882/1558 639/864/1513
s off
f 660/885/1625 648/873/1626 635/853/1627 652/875/1628
f 656/882/1629 655/881/1630 644/867/1631 645/870/1632
f 653/879/1633 631/857/1634 665/891/1635 664/890/1636
f 630/856/1637 654/880/1638 687/912/1639 651/877/1640
s 58
f 665/891/1581 642/868/1517 644/867/1516 667/892/1582
s 60
f 662/887/1564 649/874/1536 648/873/1535 660/885/1562
f 657/883/1559 670/895/1589 669/894/1588 655/881/1557
s off
f 654/880/1641 659/884/1642 688/913/1643 687/912/1644
f 663/888/1645 653/879/1646 664/890/1647 689/914/1648
f 661/886/1649 660/885/1650 652/875/1651 658/878/1652
f 655/881/1653 669/894/1654 667/892/1655 644/867/1656
s 58
f 651/877/1539 687/912/1657 690/915/1658 658/878/1540
s 60
f 675/900/1596 662/887/1564 661/886/1563 673/898/1594
s off
f 671/896/1659 663/888/1660 689/914/1661 691/916/1662
f 659/884/1663 672/897/1664 683/909/1665 688/913/1666
f 672/897/1667 676/901/1668 684/910/1669 683/909/1670
s 60
f 670/895/1589 679/904/1601 678/903/1600 668/893/1587
s off
f 676/901/1671 671/896/1672 691/916/1673 684/910/1674
f 669/894/1675 668/893/1676 666/889/1677 667/892/1678
f 673/898/1679 661/886/1680 658/878/1681 690/915/1682
s 58
f 687/912/1657 688/913/1683 692/917/1684 690/915/1658
f 689/914/1685 664/890/1580 666/889/1579 693/918/1686
s 60
f 674/899/1595 680/905/1610 682/907/1612 675/900/1596
f 681/906/1611 677/902/1599 679/904/1601 682/907/1612
s 58
f 691/916/1687 689/914/1685 693/918/1686 694/919/1688
s off
f 674/899/1689 673/898/1690 690/915/1691 692/917/1692
s 58
f 688/913/1683 683/909/1614 685/908/1613 692/917/1684
s off
f 668/893/1693 678/903/1694 693/918/1695 666/889/1696
s 58
f 684/910/1615 691/916/1687 694/919/1688 686/911/1616
s off
f 678/903/1697 677/902/1698 694/919/1699 693/918/1700
f 680/905/1701 674/899/1702 692/917/1703 685/908/1704
f 681/906/1705 680/905/1706 685/908/1707 686/911/1708
f 677/902/1709 681/906/1710 686/911/1711 694/919/1712
s 60
f 670/895/1589 657/883/1559 641/866/1515 634/860/1509 638/863/1512 649/874/1536 662/887/1564 675/900/1596 682/907/1612 679/904/1601
s 68
f 695/920/1713 696/921/1714 710/922/1715 709/923/1716
f 696/921/1714 697/924/1717 711/925/1718 710/922/1715
f 697/924/1717 698/926/1719 712/927/1720 711/925/1718
f 698/926/1719 699/928/1721 713/929/1722 712/927/1720
f 699/928/1721 700/930/1723 714/931/1724 713/929/1722
f 700/930/1723 701/932/1725 715/933/1726 714/931/1724
f 701/932/1725 702/934/1727 716/935/1728 715/933/1726
f 702/934/1727 703/936/1729 717/937/1730 716/935/1728
f 703/936/1729 704/938/1731 718/939/1732 717/937/1730
f 704/938/1731 705/940/1733 719/941/1734 718/939/1732
f 705/940/1733 706/942/1735 720/943/1736 719/941/1734
f 706/942/1735 707/944/1737 721/945/1738 720/943/1736
f 707/944/1737 708/946/1739 722/947/1740 721/945/1738
f 708/946/1739 695/948/1713 709/949/1716 722/947/1740
s 69
f 696/950/1741 695/951/1742 723/952/1743
f 697/953/1744 696/950/1741 723/952/1743
f 698/954/1745 697/953/1744 723/952/1743
f 699/955/1746 698/954/1745 723/952/1743
f 700/956/1747 699/955/1746 723/952/1743
f 701/957/1748 700/956/1747 723/952/1743
f 702/958/1749 701/957/1748 723/952/1743
f 703/959/1750 702/958/1749 723/952/1743
f 704/960/1751 703/959/1750 723/952/1743
f 705/961/1752 704/960/1751 723/952/1743
f 706/962/1753 705/961/1752 723/952/1743
f 707/963/1754 706/962/1753 723/952/1743
f 708/964/1755 707/963/1754 723/952/1743
f 695/951/1742 708/964/1755 723/952/1743
s 70
f 822/965/1756 823/966/1757 824/967/1758
f 823/966/1757 825/968/1759 824/967/1758
f 825/968/1759 826/969/1760 824/967/1758
f 826/969/1760 827/970/1761 824/967/1758
f 827/970/1761 828/971/1762 824/967/1758
f 828/971/1762 829/972/1763 824/967/1758
f 829/972/1763 830/973/1764 824/967/1758
f 830/973/1764 831/974/1765 824/967/1758
f 831/974/1765 832/975/1766 824/967/1758
f 832/975/1766 833/976/1767 824/967/1758
f 833/976/1767 834/977/1768 824/967/1758
f 834/977/1768 835/978/1769 824/967/1758
f 835/978/1769 836/979/1770 824/967/1758
f 836/979/1770 822/965/1756 824/967/1758
s off
f 709/980/1771 710/981/1772 725/982/1773 724/983/1774
f 710/981/1775 711/984/1776 726/985/1777 725/982/1778
f 711/984/1779 712/986/1780 727/987/1781 726/985/1782
f 712/986/1783 713/988/1784 728/989/1785 727/987/1786
f 713/988/1787 714/990/1788 729/991/1789 728/989/1790
f 714/990/1791 715/992/1792 730/993/1793 729/991/1794
f 715/992/1795 716/994/1796 731/995/1797 730/993/1798
f 716/994/1799 717/996/1800 732/997/1801 731/995/1802
f 717/996/1803 718/998/1804 733/999/1805 732/997/1806
f 718/998/1807 719/1000/1808 734/1001/1809 733/999/1810
f 719/1000/1811 720/1002/1812 735/1003/1813 734/1001/1814
f 720/1002/1815 721/1004/1816 736/1005/1817 735/1003/1818
f 721/1004/1819 722/1006/1820 737/1007/1821 736/1005/1822
f 722/1006/1823 709/980/1824 724/983/1825 737/1007/1826
f 724/983/1827 725/982/1828 739/1008/1829 738/1009/1830
f 725/982/1831 726/985/1832 740/1010/1833 739/1008/1834
f 726/985/1835 727/987/1836 741/1011/1837 740/1010/1838
f 727/987/1839 728/989/1840 742/1012/1841 741/1011/1842
f 728/989/1843 729/991/1844 743/1013/1845 742/1012/1846
f 729/991/1847 730/993/1848 744/1014/1849 743/1013/1850
f 730/993/1851 731/995/1852 745/1015/1853 744/1014/1854
f 731/995/1855 732/997/1856 746/1016/1857 745/1015/1858
f 732/997/1859 733/999/1860 747/1017/1861 746/1016/1862
f 733/999/1863 734/1001/1864 748/1018/1865 747/1017/1866
f 734/1001/1867 735/1003/1868 749/1019/1869 748/1018/1870
f 735/1003/1871 736/1005/1872 750/1020/1873 749/1019/1874
f 736/1005/1875 737/1007/1876 751/1021/1877 750/1020/1878
f 737/1007/1879 724/983/1880 738/1009/1881 751/1021/1882
f 738/1009/1883 739/1008/1884 753/1022/1885 752/1023/1886
f 739/1008/1887 740/1010/1888 754/1024/1889 753/1022/1890
f 740/1010/1891 741/1011/1892 755/1025/1893 754/1024/1894
f 741/1011/1895 742/1012/1896 756/1026/1897 755/1025/1898
f 742/1012/1899 743/1013/1900 757/1027/1901 756/1026/1902
f 743/1013/1903 744/1014/1904 758/1028/1905 757/1027/1906
f 744/1014/1907 745/1015/1908 759/1029/1909 758/1028/1910
f 745/1015/1911 746/1016/1912 760/1030/1913 759/1029/1914
f 746/1016/1915 747/1017/1916 761/1031/1917 760/1030/1918
f 747/1017/1919 748/1018/1920 762/1032/1921 761/1031/1922
f 748/1018/1923 749/1019/1924 763/1033/1925 762/1032/1926
f 749/1019/1927 750/1020/1928 764/1034/1929 763/1033/1930
f 750/1020/1931 751/1021/1932 765/1035/1933 764/1034/1934
f 751/1021/1935 738/1009/1936 752/1023/1937 765/1035/1938
f 752/1023/1939 753/1022/1940 767/1036/1941 766/1037/1942
f 753/1022/1943 754/1024/1944 768/1038/1945 767/1036/1946
f 754/1024/1947 755/1025/1948 769/1039/1949 768/1038/1950
f 755/1025/1951 756/1026/1952 770/1040/1953 769/1039/1954
f 756/1026/1955 757/1027/1956 771/1041/1957 770/1040/1958
f 757/1027/1959 758/1028/1960 772/1042/1961 771/1041/1962
f 758/1028/1963 759/1029/1964 773/1043/1965 772/1042/1966
f 759/1029/1967 760/1030/1968 774/1044/1969 773/1043/1970
f 760/1030/1971 761/1031/1972 775/1045/1973 774/1044/1974
f 761/1031/1975 762/1032/1976 776/1046/1977 775/1045/1978
f 762/1032/1979 763/1033/1980 777/1047/1981 776/1046/1982
f 763/1033/1983 764/1034/1984 778/1048/1985 777/1047/1986
f 764/1034/1987 765/1035/1988 779/1049/1989 778/1048/1990
f 765/1035/1991 752/1023/1992 766/1037/1993 779/1049/1994
f 766/1037/1995 767/1036/1996 781/1050/1997 780/1051/1998
f 767/1036/1999 768/1038/2000 782/1052/2001 781/1050/2002
f 768/1038/2003 769/1039/2004 783/1053/2005 782/1052/2006
f 769/1039/2007 770/1040/2008 784/1054/2009 783/1053/2010
f 770/1040/2011 771/1041/2012 785/1055/2013 784/1054/2014
f 771/1041/2015 772/1042/2016 786/1056/2017 785/1055/2018
f 772/1042/2019 773/1043/2020 787/1057/2021 786/1056/2022
f 773/1043/2023 774/1044/2024 788/1058/2025 787/1057/2026
f 774/1044/2027 775/1045/2028 789/1059/2029 788/1058/2030
f 775/1045/2031 776/1046/2032 790/1060/2033 789/1059/2034
f 776/1046/2035 777/1047/2036 791/1061/2037 790/1060/2038
f 777/1047/2039 778/1048/2040 792/1062/2041 791/1061/2042
f 778/1048/2043 779/1049/2044 793/1063/2045 792/1062/2046
f 779/1049/2047 766/1037/2048 780/1051/2049 793/1063/2050
f 780/1051/2051 781/1050/2052 795/1064/2053 794/1065/2054
f 781/1050/2055 782/1052/2056 796/1066/2057 795/1064/2058
f 782/1052/2059 783/1053/2060 797/1067/2061 796/1066/2062
f 783/1053/2063 784/1054/2064 798/1068/2065 797/1067/2066
f 784/1054/2067 785/1055/2068 799/1069/2069 798/1068/2070
f 785/1055/2071 786/1056/2072 800/1070/2073 799/1069/2074
f 786/1056/2075 787/1057/2076 801/1071/2077 800/1070/2078
f 787/1057/2079 788/1058/2080 802/1072/2081 801/1071/2082
f 788/1058/2083 789/1059/2084 803/1073/2085 802/1072/2086
f 789/1059/2087 790/1060/2088 804/1074/2089 803/1073/2090
f 790/1060/2091 791/1061/2092 805/1075/2093 804/1074/2094
f 791/1061/2095 792/1062/2096 806/1076/2097 805/1075/2098
f 792/1062/2099 793/1063/2100 807/1077/2101 806/1076/2102
f 793/1063/2103 780/1051/2104 794/1065/2105 807/1077/2106
f 794/1065/2107 795/1064/2108 809/1078/2109 808/1079/2110
f 795/1064/2111 796/1066/2112 810/1080/2113 809/1078/2114
f 796/1066/2115 797/1067/2116 811/1081/2117 810/1080/2118
f 797/1067/2119 798/1068/2120 812/1082/2121 811/1081/2122
f 798/1068/2123 799/1069/2124 813/1083/2125 812/1082/2126
f 799/1069/2127 800/1070/2128 814/1084/2129 813/1083/2130
f 800/1070/2131 801/1071/2132 815/1085/2133 814/1084/2134
f 801/1071/2135 802/1072/2136 816/1086/2137 815/1085/2138
f 802/1072/2139 803/1073/2140 817/1087/2141 816/1086/2142
f 803/1073/2143 804/1074/2144 818/1088/2145 817/1087/2146
f 804/1074/2147 805/1075/2148 819/1089/2149 818/1088/2150
f 805/1075/2151 806/1076/2152 820/1090/2153 819/1089/2154
f 806/1076/2155 807/1077/2156 821/1091/2157 820/1090/2158
f 807/1077/2159 794/1065/2160 808/1079/2161 821/1091/2162
f 808/1079/2163 809/1078/2164 823/966/2165 822/965/2166
f 809/1078/2167 810/1080/2168 825/968/2169 823/966/2170
f 810/1080/2171 811/1081/2172 826/969/2173 825/968/2174
f 811/1081/2175 812/1082/2176 827/970/2177 826/969/2178
f 812/1082/2179 813/1083/2180 828/971/2181 827/970/2182
f 813/1083/2183 814/1084/2184 829/972/2185 828/971/2186
f 814/1084/2187 815/1085/2188 830/973/2189 829/972/2190
f 815/1085/2191 816/1086/2192 831/974/2193 830/973/2194
f 816/1086/2195 817/1087/2196 832/975/2197 831/974/2198
f 817/1087/2199 818/1088/2200 833/976/2201 832/975/2202
f 818/1088/2203 819/1089/2204 834/977/2205 833/976/2206
f 819/1089/2207 820/1090/2208 835/978/2209 834/977/2210
f 820/1090/2211 821/1091/2212 836/979/2213 835/978/2214
f 821/1091/2215 808/1079/2216 822/965/2217 836/979/2218
s 71
f 837/1092/2219 838/1093/2220 852/1094/2221 851/1095/2222
f 838/1093/2220 839/1096/2223 853/1097/2224 852/1094/2221
f 839/1096/2223 840/1098/2225 854/1099/2226 853/1097/2224
f 840/1098/2225 841/1100/2227 855/1101/2228 854/1099/2226
f 841/1100/2227 842/1102/2229 856/1103/2230 855/1101/2228
f 842/1102/2229 843/1104/2231 857/1105/2232 856/1103/2230
f 843/1104/2231 844/1106/2233 858/1107/2234 857/1105/2232
f 844/1106/2233 845/1108/2235 859/1109/2236 858/1107/2234
f 845/1108/2235 846/1110/2237 860/1111/2238 859/1109/2236
f 846/1110/2237 847/1112/2239 861/1113/2240 860/1111/2238
f 847/1112/2239 848/1114/2241 862/1115/2242 861/1113/2240
f 848/1114/2241 849/1116/2243 863/1117/2244 862/1115/2242
f 849/1116/2243 850/1118/2245 864/1119/2246 863/1117/2244
f 850/1118/2245 837/1120/2219 851/1121/2222 864/1119/2246
s 72
f 838/1122/2247 837/1123/2248 865/1124/2249
f 839/1125/2250 838/1122/2247 865/1124/2249
f 840/1126/2251 839/1125/2250 865/1124/2249
f 841/1127/2252 840/1126/2251 865/1124/2249
f 842/1128/2253 841/1127/2252 865/1124/2249
f 843/1129/2254 842/1128/2253 865/1124/2249
f 844/1130/2255 843/1129/2254 865/1124/2249
f 845/1131/2256 844/1130/2255 865/1124/2249
f 846/1132/2257 845/1131/2256 865/1124/2249
f 847/1133/2258 846/1132/2257 865/1124/2249
f 848/1134/2259 847/1133/2258 865/1124/2249
f 849/1135/2260 848/1134/2259 865/1124/2249
f 850/1136/2261 849/1135/2260 865/1124/2249
f 837/1123/2248 850/1136/2261 865/1124/2249
s 73
f 964/1137/2262 965/1138/2263 966/1139/2264
f 965/1138/2263 967/1140/2265 966/1139/2264
f 967/1140/2265 968/1141/2266 966/1139/2264
f 968/1141/2266 969/1142/2267 966/1139/2264
f 969/1142/2267 970/1143/2268 966/1139/2264
f 970/1143/2268 971/1144/2269 966/1139/2264
f 971/1144/2269 972/1145/2270 966/1139/2264
f 972/1145/2270 973/1146/2271 966/1139/2264
f 973/1146/2271 974/1147/2272 966/1139/2264
f 974/1147/2272 975/1148/2273 966/1139/2264
f 975/1148/2273 976/1149/2274 966/1139/2264
f 976/1149/2274 977/1150/2275 966/1139/2264
f 977/1150/2275 978/1151/2276 966/1139/2264
f 978/1151/2276 964/1137/2262 966/1139/2264
s off
f 851/1152/2277 852/1153/2278 867/1154/2279 866/1155/2280
f 852/1153/2281 853/1156/2282 868/1157/2283 867/1154/2284
f 853/1156/2285 854/1158/2286 869/1159/2287 868/1157/2288
f 854/1158/2289 855/1160/2290 870/1161/2291 869/1159/2292
f 855/1160/2293 856/1162/2294 871/1163/2295 870/1161/2296
f 856/1162/2297 857/1164/2298 872/1165/2299 871/1163/2300
f 857/1164/2301 858/1166/2302 873/1167/2303 872/1165/2304
f 858/1166/2305 859/1168/2306 874/1169/2307 873/1167/2308
f 859/1168/2309 860/1170/2310 875/1171/2311 874/1169/2312
f 860/1170/2313 861/1172/2314 876/1173/2315 875/1171/2316
f 861/1172/2317 862/1174/2318 877/1175/2319 876/1173/2320
f 862/1174/2321 863/1176/2322 878/1177/2323 877/1175/2324
f 863/1176/2325 864/1178/2326 879/1179/2327 878/1177/2328
f 864/1178/2329 851/1152/2330 866/1155/2331 879/1179/2332
f 866/1155/2333 867/1154/2334 881/1180/2335 880/1181/2336
f 867/1154/2337 868/1157/2338 882/1182/2339 881/1180/2340
f 868/1157/2341 869/1159/2342 883/1183/2343 882/1182/2344
f 869/1159/2345 870/1161/2346 884/1184/2347 883/1183/2348
f 870/1161/2349 871/1163/2350 885/1185/2351 884/1184/2352
f 871/1163/2353 872/1165/2354 886/1186/2355 885/1185/2356
f 872/1165/2357 873/1167/2358 887/1187/2359 886/1186/2360
f 873/1167/2361 874/1169/2362 888/1188/2363 887/1187/2364
f 874/1169/2365 875/1171/2366 889/1189/2367 888/1188/2368
f 875/1171/2369 876/1173/2370 890/1190/2371 889/1189/2372
f 876/1173/2373 877/1175/2374 891/1191/2375 890/1190/2376
f 877/1175/2377 878/1177/2378 892/1192/2379 891/1191/2380
f 878/1177/2381 879/1179/2382 893/1193/2383 892/1192/2384
f 879/1179/2385 866/1155/2386 880/1181/2387 893/1193/2388
f 880/1181/2389 881/1180/2390 895/1194/2391 894/1195/2392
f 881/1180/2393 882/1182/2394 896/1196/2395 895/1194/2396
f 882/1182/2397 883/1183/2398 897/1197/2399 896/1196/2400
f 883/1183/2401 884/1184/2402 898/1198/2403 897/1197/2404
f 884/1184/2405 885/1185/2406 899/1199/2407 898/1198/2408
f 885/1185/2409 886/1186/2410 900/1200/2411 899/1199/2412
f 886/1186/2413 887/1187/2414 901/1201/2415 900/1200/2416
f 887/1187/2417 888/1188/2418 902/1202/2419 901/1201/2420
f 888/1188/2421 889/1189/2422 903/1203/2423 902/1202/2424
f 889/1189/2425 890/1190/2426 904/1204/2427 903/1203/2428
f 890/1190/2429 891/1191/2430 905/1205/2431 904/1204/2432
f 891/1191/2433 892/1192/2434 906/1206/2435 905/1205/2436
f 892/1192/2437 893/1193/2438 907/1207/2439 906/1206/2440
f 893/1193/2441 880/1181/2442 894/1195/2443 907/1207/2444
f 894/1195/2445 895/1194/2446 909/1208/2447 908/1209/2448
f 895/1194/2449 896/1196/2450 910/1210/2451 909/1208/2452
f 896/1196/2453 897/1197/2454 911/1211/2455 910/1210/2456
f 897/1197/2457 898/1198/2458 912/1212/2459 911/1211/2460
f 898/1198/2461 899/1199/2462 913/1213/2463 912/1212/2464
f 899/1199/2465 900/1200/2466 914/1214/2467 913/1213/2468
f 900/1200/2469 901/1201/2470 915/1215/2471 914/1214/2472
f 901/1201/2473 902/1202/2474 916/1216/2475 915/1215/2476
f 902/1202/2477 903/1203/2478 917/1217/2479 916/1216/2480
f 903/1203/2481 904/1204/2482 918/1218/2483 917/1217/2484
f 904/1204/2485 905/1205/2486 919/1219/2487 918/1218/2488
f 905/1205/2489 906/1206/2490 920/1220/2491 919/1219/2492
f 906/1206/2493 907/1207/2494 921/1221/2495 920/1220/2496
f 907/1207/2497 894/1195/2498 908/1209/2499 921/1221/2500
f 908/1209/2501 909/1208/2502 923/1222/2503 922/1223/2504
f 909/1208/2505 910/1210/2506 924/1224/2507 923/1222/2508
f 910/1210/2509 911/1211/2510 925/1225/2511 924/1224/2512
f 911/1211/2513 912/1212/2514 926/1226/2515 925/1225/2516
f 912/1212/2517 913/1213/2518 927/1227/2519 926/1226/2520
f 913/1213/2521 914/1214/2522 928/1228/2523 927/1227/2524
f 914/1214/2525 915/1215/2526 929/1229/2527 928/1228/2528
f 915/1215/2529 916/1216/2530 930/1230/2531 929/1229/2532
f 916/1216/2533 917/1217/2534 931/1231/2535 930/1230/2536
f 917/1217/2537 918/1218/2538 932/1232/2539 931/1231/2540
f 918/1218/2541 919/1219/2542 933/1233/2543 932/1232/2544
f 919/1219/2545 920/1220/2546 934/1234/2547 933/1233/2548
f 920/1220/2549 921/1221/2550 935/1235/2551 934/1234/2552
f 921/1221/2553 908/1209/2554 922/1223/2555 935/1235/2556
f 922/1223/2557 923/1222/2558 937/1236/2559 936/1237/2560
f 923/1222/2561 924/1224/2562 938/1238/2563 937/1236/2564
f 924/1224/2565 925/1225/2566 939/1239/2567 938/1238/2568
f 925/1225/2569 926/1226/2570 940/1240/2571 939/1239/2572
f 926/1226/2573 927/1227/2574 941/1241/2575 940/1240/2576
f 927/1227/2577 928/1228/2578 942/1242/2579 941/1241/2580
f 928/1228/2581 929/1229/2582 943/1243/2583 942/1242/2584
f 929/1229/2585 930/1230/2586 944/1244/2587 943/1243/2588
f 930/1230/2589 931/1231/2590 945/1245/2591 944/1244/2592
f 931/1231/2593 932/1232/2594 946/1246/2595 945/1245/2596
f 932/1232/2597 933/1233/2598 947/1247/2599 946/1246/2600
f 933/1233/2601 934/1234/2602 948/1248/2603 947/1247/2604
f 934/1234/2605 935/1235/2606 949/1249/2607 948/1248/2608
f 935/1235/2609 922/1223/2610 936/1237/2611 949/1249/2612
f 936/1237/2613 937/1236/2614 951/1250/2615 950/1251/2616
f 937/1236/2617 938/1238/2618 952/1252/2619 951/1250/2620
f 938/1238/2621 939/1239/2622 953/1253/2623 952/1252/2624
f 939/1239/2625 940/1240/2626 954/1254/2627 953/1253/2628
f 940/1240/2629 941/1241/2630 955/1255/2631 954/1254/2632
f 941/1241/2633 942/1242/2634 956/1256/2635 955/1255/2636
f 942/1242/2637 943/1243/2638 957/1257/2639 956/1256/2640
f 943/1243/2641 944/1244/2642 958/1258/2643 957/1257/2644
f 944/1244/2645 945/1245/2646 959/1259/2647 958/1258/2648
f 945/1245/2649 946/1246/2650 960/1260/2651 959/1259/2652
f 946/1246/2653 947/1247/2654 961/1261/2655 960/1260/2656
f 947/1247/2657 948/1248/2658 962/1262/2659 961/1261/2660
f 948/1248/2661 949/1249/2662 963/1263/2663 962/1262/2664
f 949/1249/2665 936/1237/2666 950/1251/2667 963/1263/2668
f 950/1251/2669 951/1250/2670 965/1138/2671 964/1137/2672
f 951/1250/2673 952/1252/2674 967/1140/2675 965/1138/2676
f 952/1252/2677 953/1253/2678 968/1141/2679 967/1140/2680
f 953/1253/2681 954/1254/2682 969/1142/2683 968/1141/2684
f 954/1254/2685 955/1255/2686 970/1143/2687 969/1142/2688
f 955/1255/2689 956/1256/2690 971/1144/2691 970/1143/2692
f 956/1256/2693 957/1257/2694 972/1145/2695 971/1144/2696
f 957/1257/2697 958/1258/2698 973/1146/2699 972/1145/2700
f 958/1258/2701 959/1259/2702 974/1147/2703 973/1146/2704
f 959/1259/2705 960/1260/2706 975/1148/2707 974/1147/2708
f 960/1260/2709 961/1261/2710 976/1149/2711 975/1148/2712
f 961/1261/2713 962/1262/2714 977/1150/2715 976/1149/2716
f 962/1262/2717 963/1263/2718 978/1151/2719 977/1150/2720
f 963/1263/2721 950/1251/2722 964/1137/2723 978/1151/2724
